Date,AJK_Recovered,AJK_Deaths,"AJK Total 
Positive","AJK
Total 
Infected",Balochistan_Recovered,Balochistan_Deaths,"Balochistan
Total 
Positive","Balochistan Total 
Infected",GB_Recovered,GB_Deaths,"GB Total
Positive","GB Total 
Infected",Islamabad_Recovered,Islamabad_Deaths,"Islamabad 
Total 
Positive","Islamabad_Total 
Infected",KP_Recovered,KP_Deaths,"KP Total 
Positive","KP Total 
Infected",Punjab_Recovered,Punjab_Deaths,"Punjab 
Total P","Punjab 
Total 
Infected",Sindh_Recovered,Sindh_Deaths,"Sindh 
Total P","Sindh
Total 
Infected"
15-Jul-20,"1,049",46,"1,688",593,"7,883",46,"11,239","3,310","1,376",38,"1,708",294,"11,327",155,"14,315","2,833","21,607",1114,"31,001","8,280","64,148",2043,"88,045","21,854","65,420",1863,"107,773","40,490"
16-Jul-20,"1,061",46,"1,771",664,8002,127,"11,322","3,193",1389,38,"1,750",323,11486,156,"14,402","2,760",22260,1120,"31,217","7,837",64247,2051,"88,539","22,241",70292,1888,"108,913","36,733"
17-Jul-20,1077,46,"1,808",685,8161,128,"11,385","3,096",1396,39,"1,775",340,11599,157,"14,454","2,698",22613,1124,"31,486","7,749",64815,2059,"89,023","22,149",74076,1922,"110,068","34,070"
18-Jul-20,1094,46,"1,840",700,8313,131,"11,405","2,961",1409,39,"1,796",348,11708,157,"14,504","2,639",22873,1130,"31,669","7,666",65009,2067,"89,465","22,389",88103,1952,"111,238","21,183"
22-Jul-20,1275,47,"1,937",615,9381,135,"11,469","1,953",1485,45,"1,878",348,12023,161,"14,701","2,517",25582,1153,"32,523","5,788",66425,2095,"90,816","22,296",94297,2041,"114,104","17,766"
24-Jul-20,1361,49,"1,989",579,9818,136,"11,523","1,569",1533,46,"1,918",339,12023,162,"14,766","2,581",26607,1169,"32,898","5,122",68439,2105,"91,423","20,879",100002,2096,"115,883","13,785"
25-Jul-20,1409,49,"2,012",554,9899,136,"11,550","1,515",1548,47,"1,942",347,12139,162,"14,821","2,520",26869,1170,"33,071","5,032",81241,2113,"91,691","8,337",103491,2110,"116,800","11,199"
26-Jul-20,1435,49,"2,023",539,9901,136,"11,578","1,541",1559,47,"1,952",346,12253,163,"14,841","2,425",27017,1176,"33,220","5,027",81250,2116,"91,901","8,535",104019,2135,"117,598","11,444"
27-Jul-20,1449,49,"2,034",536,9976,136,"11,601","1,489",1566,48,"1,989",375,12253,164,"14,884","2,467",27119,1178,"33,397","5,100",81260,2116,"92,073","8,697",107403,2151,"118,311","8,757"
28-Jul-20,1482,49,"2,040",509,10023,136,"11,624","1,465",1613,48,"2,010",349,12377,165,"14,938","2,396",27196,1180,"33,510","5,134",81265,2125,"92,279","8,889",108480,2162,"118,824","8,182"
29-Jul-20,1543,50,"2,055",462,10080,136,"11,654","1,438",1658,50,"2,042",334,12377,165,"14,963","2,421",27724,1186,"33,724","4,814",82512,2133,"92,452","7,807",108989,2172,"119,398","8,237"
30-Jul-20,1583,51,"2,065",431,10097,136,"11,708","1,475",1693,53,"2,090",344,12377,165,"14,987","2,445",28317,1192,"33,845","4,336",82520,2138,"92,655","7,997",109544,2189,"120,052","8,319"
31-Jul-20,1639,54,"2,073",380,10116,136,"11,732","1,480",1719,53,"2,105",333,12494,165,"15,014","2,355",28450,1194,"33,958","4,314",82526,2140,"92,873","8,207",110233,2209,"120,550","8,108"
1-Aug-20,1642,54,"2,084",388,10130,136,"11,743","1,477",1758,54,"2,134",322,12589,165,"15,033","2,279",28629,1199,"34,056","4,228",82541,2142,"93,057","8,374",110738,2220,"121,039","8,081"
2-Aug-20,1642,54,"2,086",390,10136,136,"11,762","1,490",1758,54,"2,157",345,12589,165,"15,052","2,298",28978,1200,"34,160","3,982",82552,2144,"93,173","8,477",110922,2223,"121,309","8,164"
3-Aug-20,1643,54,"2,093",396,10189,136,"11,774","1,449",1779,55,"2,180",346,12678,165,"15,076","2,233",29015,1202,"34,223","4,006",82563,2148,"93,197","8,486","111,006","2,224","121,486","8,256"
5-Aug-20,1804,55,"2,105",246,10227,136,"11,780","1,417",1820,55,"2,218",343,12732,167,"15,122","2,223",29255,1213,"34,324","3,856",85180,2157,"93,571","6,234",113268,2231,"122,016","6,517"
7-Aug-20,1854,57,"2,124",213,10267,137,"11,821","1,417",1861,55,"2,287",371,12833,170,"15,182","2,179",30681,1219,"34,432","2,532",86085,2164,"94,040","5,791",114518,2250,"122,759","5,991"
8-Aug-20,1883,58,"2,129",188,10304,137,"11,835","1,394",1887,55,"2,301",359,12878,171,"15,214","2,165",31447,1222,"34,539","1,870",86240,2166,"94,223","5,817",114965,2259,"123,246","6,022"
9-Aug-20,1883,58,"2,134",193,10326,137,"11,884","1,421",1902,55,"2,321",364,12914,171,"15,241","2,156",31542,1230,"34,635","1,863",86266,2169,"94,360","5,925",115415,2262,"123,546","5,869"
10-Aug-20,1883,58,"2,141",200,10372,138,"11,906","1,396",1914,57,"2,334",363,12969,171,"15,261","2,121",31612,1231,"34,692","1,849",86273,2170,"94,477","6,034",115741,2272,"123,849","5,836"
11-Aug-20,1915,59,"2,150",176,10417,138,"11,921","1,366",1955,57,"2,371",359,12995,171,"15,281","2,115",31691,1231,"34,755","1,833",86289,2174,"94,586","6,123",115984,2282,"124,127","5,861"
12-Aug-20,1936,59,"2,157",162,10439,138,"11,956","1,379",1981,58,"2,382",343,13020,172,"15,296","2,104",31839,1235,"34,859","1,785",86341,2177,"94,715","6,197",117637,2290,"124,556","4,629"
13-Aug-20,1971,59,"2,164",134,10458,138,"12,044","1,448",2002,58,"2,402",342,13020,173,"15,323","2,130",32248,1235,"34,947","1,464",86389,2179,"94,865","6,297",117972,2297,"124,929","4,660"
14-Aug-20,1981,59,"2,167",127,10461,138,"12,062","1,463",2050,60,"2,426",316,13078,173,"15,342","2,091",32317,1236,"35,021","1,468",86404,2180,"94,993","6,409",118924,2307,"125,289","4,058"
15-Aug-20,1989,60,"2,179",130,10610,138,"12,144","1,396",2103,60,"2,452",289,13100,173,"15,346","2,073",32373,1238,"35,091","1,480",86424,2180,"95,203","6,599",119025,2313,"125,632","4,294"
16-Aug-20,2002,60,"2,181",119,10783,138,"12,224","1,303",2114,60,"2,486",312,13132,173,"15,378","2,073",32404,1238,"35,153","1,511",86441,2182,"95,391","6,768",119425,2317,"125,904","4,162"
17-Aug-20,2002,60,"2,184",122,10956,138,"12,295","1,201",2133,61,"2,502",308,13276,173,"15,390","1,941",32450,1239,"35,215","1,526",88698,2182,"95,447","4,567",119572,2322,"126,182","4,288"
18-Aug-20,2022,61,"2,199",116,11153,138,"12,321","1,030",2172,61,"2,538",305,13430,175,"15,401","1,796",32522,1239,"35,337","1,576",88861,2185,"95,611","4,565",119849,2331,"126,425","4,245"
19-Aug-20,2043,61,"2,212",108,11241,139,"12,370",990,2194,62,"2,565",309,13612,175,"15,412","1,625",32647,1242,"35,401","1,512",90150,2186,"95,742","3,406",120241,2336,"126,743","4,166"
20-Aug-20,2057,61,"2,219",101,11273,139,"12,403",991,2224,63,"2,583",296,13836,175,"15,425","1,414",32711,1242,"35,468","1,515",90210,2186,"95,800","3,404",120493,2343,"127,060","4,224"
21-Aug-20,2066,61,"2,223",96,11294,139,"12,424",991,2235,63,"2,604",306,14101,175,"15,453","1,177",32893,1243,"35,545","1,409",90233,2188,"95,958","3,537",120757,2350,"127,381","4,274"
22-Aug-20,2068,61,"2,241",112,11310,141,"12,473","1,022",2257,63,"2,638",318,14372,175,"15,472",925,33300,1246,"35,602","1,056",91134,2188,"96,057","2,735",120876,2357,"127,691","4,458"
23-Aug-20,2070,61,"2,245",114,11333,141,"12,507","1,033",2269,64,"2,657",324,14506,175,"15,493",812,33364,1248,"35,720","1,108",91150,2188,"96,178","2,840",121144,2358,"127,965","4,463"
24-Aug-20,2070,61,"2,254",123,11383,141,"12,527","1,003",2276,64,"2,682",342,14621,175,"15,515",719,33403,1248,"35,766","1,115",91161,2188,"96,233","2,884",121915,2367,"128,284","4,002"
25-Aug-20,2071,61,"2,257",125,11460,141,"12,560",959,2314,65,"2,720",341,14684,175,"15,531",672,33426,1248,"35,796","1,122",92289,2192,"96,391","1,910",122181,2373,"128,456","3,902"
26-Aug-20,2075,61,"2,265",129,11510,141,"12,664","1,013",2351,65,"2,745",329,14792,175,"15,546",579,33449,1248,"35,831","1,134",92301,2193,"96,466","1,972",122461,2384,"128,676","3,831"
27-Aug-20,2090,61,"2,272",121,11614,141,"12,721",966,2389,67,"2,773",317,14884,175,"15,562",503,33640,1249,"35,893","1,004",92393,2193,"96,540","1,954",122551,2388,"128,877","3,938"
28-Aug-20,2102,61,"2,277",114,11636,141,"12,742",965,2412,67,"2,816",337,14923,175,"15,578",480,33709,1250,"35,923",964,92421,2195,"96,636","2,020",122734,2394,"129,081","3,953"
29-Aug-20,2115,61,"2,290",114,11682,141,"12,804",981,2435,67,"2,832",330,14936,175,"15,597",486,33888,1250,"35,971",833,92449,2195,"96,699","2,055",122835,2395,"129,179","3,949"
30-Aug-20,2115,61,"2,294",118,11701,141,"12,842","1,000",2465,67,"2,863",331,14967,175,"15,611",469,33926,1250,"36,017",841,92471,2196,"96,741","2,074",122902,2398,"129,268","3,968"
31-Aug-20,2115,62,"2,298",121,11756,141,"12,869",972,2466,67,"2,896",363,14975,175,"15,625",475,33950,1250,"36,044",844,92481,2198,"96,769","2,090",122939,2401,"129,348","4,008"
1-Sep-20,2122,63,"2,299",114,11794,141,"12,879",944,2503,67,"2,903",333,15000,175,"15,649",474,33978,1250,"36,118",890,92499,2199,"96,832","2,134",123074,2403,"129,469","3,992"
2-Sep-20,2143,63,"2,302",96,11823,141,"12,899",935,2535,71,"2,922",316,15035,175,"15,666",456,34027,1255,"36,265",983,92512,2204,"96,921","2,205",123384,2409,"129,615","3,822"
3-Sep-20,2150,64,"2,305",91,11861,143,"12,935",931,2557,71,"2,935",307,15056,175,"15,689",458,34171,1255,"36,340",914,92525,2205,"96,983","2,253",123605,2415,"129,827","3,807"
5-Sep-20,2162,65,"2,313",86,11861,144,"13,157","1,152",2597,71,"2,960",292,15120,175,"15,726",431,34249,1255,"36,498",994,92552,2208,"97,118","2,358",124012,2422,"130,253","3,819"
6-Sep-20,2173,65,"2,327",89,11861,144,"13,229","1,224",2625,71,"2,979",283,15137,175,"15,734",422,34377,1255,"36,591",959,93561,2210,"97,166","1,395",126164,2422,"130,483","1,897"
7-Sep-20,2175,65,"2,331",91,11861,145,"13,292","1,286",2635,71,"3,008",302,15154,176,"15,750",420,34402,1255,"36,625",968,93576,2210,"97,226","1,440",126213,2423,"130,671","2,035"
8-Sep-20,2178,65,"2,333",90,11861,145,"13,321","1,315",2649,71,"3,041",321,15184,177,"15,762",401,34428,1256,"36,663",979,93589,2211,"97,306","1,506",126268,2425,"130,807","2,114"
9-Sep-20,2190,65,"2,340",85,11907,145,"13,402","1,350",2686,73,"3,068",309,15213,177,"15,780",390,34474,1256,"36,711",981,93601,2213,"97,389","1,575",126435,2430,"130,969","2,104"
10-Sep-20,2200,65,"2,356",91,12199,145,"13,227",883,2757,73,"3,137",307,15244,177,"15,804",383,34703,1256,"36,755",796,94244,2213,"97,461","1,004",126603,2436,"131,115","2,076"
11-Sep-20,2205,65,"2,366",96,12251,145,"13,282",886,2744,73,"3,131",314,15270,178,"15,832",384,34774,1256,"36,823",793,94258,2214,"97,533","1,061",126704,2439,"131,404","2,261"
12-Sep-20,2212,65,"2,389",112,12272,145,"13,401",984,2762,74,"3,164",328,15296,178,"15,862",388,34865,1256,"36,862",741,94268,2215,"97,602","1,119",126861,2440,"131,675","2,374"
13-Sep-20,2212,65,"2,400",123,12336,145,"13,483","1,002",2789,74,"3,196",333,15327,178,"15,901",396,34894,1257,"36,942",791,94453,2217,"97,679","1,009",127418,2443,"131,880","2,019"
14-Sep-20,2212,65,"2,421",144,12412,145,"13,595","1,038",2810,76,"3,227",341,15351,178,"15,941",412,35067,1257,"36,992",668,94505,2217,"97,760","1,038",127449,2445,"132,084","2,190"
15-Sep-20,2212,66,"2,426",148,12564,145,"13,621",912,2845,78,"3,269",346,15392,178,"15,962",392,35096,1257,"37,079",726,94526,2220,"97,817","1,071",127626,2445,"132,250","2,179"
16-Sep-20,2212,66,"2,441",163,12564,145,"13,690",981,2845,78,"3,297",374,15392,178,"15,984",414,35096,1257,"37,140",787,94526,2220,"97,946","1,200",127626,2445,"132,591","2,520"
17-Sep-20,2231,66,"2,451",154,12770,145,"13,798",883,2894,79,"3,336",363,15453,178,"16,005",374,35287,1257,"37,185",641,94721,2223,"98,041","1,097",127813,2451,"132,818","2,554"
18-Sep-20,2235,66,"2,472",171,12851,145,"13,991",995,2950,80,"3,381",351,15467,180,"16,033",386,35450,1257,"37,242",535,94739,2225,"98,142","1,178",127991,2455,"133,125","2,679"
19-Sep-20,2241,66,"2,491",184,12937,145,"14,138","1,056",3013,81,"3,412",318,15483,180,"16,086",423,35469,1258,"37,270",543,94756,2226,"98,272","1,290",128145,2459,"133,362","2,758"
20-Sep-20,2257,67,"2,517",193,12969,145,"14,269","1,155",3036,81,"3,450",333,15529,180,"16,124",415,35500,1258,"37,317",559,94773,2226,"98,368","1,369",128239,2459,"133,626","2,928"
21-Sep-20,2265,69,"2,533",199,13071,82,"14,394","1,241",3056,82,"3,483",345,15557,180,"16,162",425,35561,1258,"37,357",538,94952,2226,"98,428","1,250",128407,2460,"133,947","3,080"
22-Sep-20,2274,69,"2,550",207,13150,145,"14,499","1,204",3060,82,"3,513",371,15597,180,"16,207",430,35613,1258,"37,387",516,94971,2227,"98,487","1,289",128494,2463,"134,243","3,286"
23-Sep-20,2282,70,"2,566",214,13207,145,"14,607","1,255",3088,83,"3,542",371,15629,180,"16,246",437,35741,1258,"37,418",419,95159,2227,"98,602","1,216",128810,2469,"134,437","3,158"
24-Sep-20,2293,70,"2,591",228,13384,145,"14,765","1,236",3144,83,"3,572",345,15646,181,"16,288",461,35788,1258,"37,470",424,95173,2229,"98,686","1,284",128964,2471,"134,845","3,410"
25-Sep-20,2297,70,"2,610",243,13455,145,"14,838","1,238",3161,84,"3,608",363,15676,181,"16,324",467,35859,1258,"37,525",408,95191,2229,"98,864","1,444",129101,2477,"135,246","3,668"
26-Sep-20,2305,71,"2,630",254,13512,145,"14,932","1,275",3214,85,"3,635",336,15718,181,"16,367",468,35893,1259,"37,588",436,95295,2229,"98,941","1,417",129396,2481,"135,488","3,611"
27-Sep-20,2314,71,"2,649",264,13524,145,"15,013","1,344",3229,85,"3,662",348,15755,181,"16,440",504,35931,1259,"37,617",427,95314,2230,"99,128","1,584",129546,2486,"135,766","3,734"
28-Sep-20,2322,71,"2,661",268,13547,145,"15,092","1,400",3233,87,"3,681",361,15795,181,"16,470",494,35951,1259,"37,701",491,95421,2231,"99,219","1,567",129753,2492,"136,017","3,772"
29-Sep-20,2332,72,"2,663",259,13600,145,"15,177","1,432",3283,88,"3,730",359,15826,181,"16,532",525,35971,1259,"37,727",497,95436,2234,"99,292","1,622",129892,2495,"136,395","4,008"
30-Sep-20,2348,74,"2,698",276,13778,145,"15,257","1,334",3311,88,"3,778",379,15865,182,"16,581",534,35993,1259,"37,776",524,95449,2234,"99,378","1,695",130137,2497,"136,795","4,161"
1-Oct-20,2368,74,"2,731",289,13915,146,"15,281","1,220",3371,88,"3,787",328,15916,182,"16,611",513,36074,1260,"37,811",477,95501,2235,"99,479","1,743",130352,2499,"137,106","4,255"
2-Oct-20,2382,74,"2,754",298,14016,146,"15,302","1,140",3399,88,"3,808",321,15947,182,"16,650",521,36114,1260,"37,845",471,95687,2237,"99,605","1,681",130510,2512,"137,467","4,445"
3-Oct-20,2395,75,"2,776",306,14233,146,"15,323",944,3411,88,"3,816",317,15983,183,"16,713",547,36140,1260,"37,908",508,95701,2238,"99,665","1,726",130730,2517,"137,783","4,536"
5-Oct-20,2431,76,"2,862",355,14635,146,"15,399",618,3455,89,"3,852",308,16067,183,"16,789",539,36199,1262,"38,076",615,96012,2240,"99,941","1,689",131037,2521,"138,341","4,783"
6-Oct-20,2431,76,"2,874",367,14814,146,"15,420",460,3483,89,"3,857",285,16113,184,"16,845",548,36291,1262,"38,105",552,96022,2243,"100,033","1,768",131462,2523,"138,593","4,608"
7-Oct-20,2445,77,"2,912",390,14951,146,"15,439",342,3504,89,"3,884",291,16153,184,"16,936",599,36315,1263,"38,141",563,96089,2245,"100,148","1,814",131831,2531,"138,891","4,529"
8-Oct-20,2453,77,"2,937",407,15082,146,"15,460",232,3532,89,"3,886",265,16206,187,"17,009",616,36413,1263,"38,175",499,96506,2247,"100,272","1,519",132183,2535,"139,195","4,477"
9-Oct-20,2460,77,"2,980",443,15117,146,"15,480",217,3531,89,"3,893",273,16249,188,"17,122",685,36447,1263,"38,219",509,96527,2248,"100,330","1,555",132377,2541,"139,571","4,653"
10-Oct-20,2500,77,"2,991",414,15139,146,"15,498",213,3570,89,"3,900",241,16279,188,"17,210",743,36467,1263,"38,273",543,96548,2252,"100,484","1,684",132559,2543,"139,910","4,808"
11-Oct-20,2506,78,"3,045",461,15153,146,"15,520",221,3602,89,"3,924",233,16319,188,"17,296",789,36521,1263,"38,329",545,96561,2257,"100,687","1,869",132796,2549,"140,131","4,786"
12-Oct-20,2524,78,"3,118",516,15202,146,"15,525",177,3623,90,"3,937",224,16367,189,"17,331",775,36591,1264,"38,348",493,96945,2258,"100,764","1,561",132933,2555,"140,294","4,806"
13-Oct-20,2556,78,"3,131",497,15220,146,"15,541",175,3643,91,"3,955",221,16403,189,"17,428",836,36636,1264,"38,367",467,96959,2264,"100,892","1,669",132192,2556,"140,534","5,786"
14-Oct-20,2573,80,"3,198",545,15236,146,"15,577",195,3655,90,"3,965",220,16448,189,"17,526",889,36702,1264,"38,427",461,96972,2270,"101,014","1,772",133494,2562,"140,756","4,700"
15-Oct-20,2590,80,"3,258",588,15268,146,"15,599",185,3654,90,"3,982",238,16486,191,"17,681","1,004",36757,1264,"38,464",443,96989,2277,"101,237","1,971",133651,2566,"140,997","4,780"
16-Oct-20,2590,80,"3,322",652,15290,146,"15,621",185,3677,90,"4,016",249,16550,193,"17,781","1,038",36816,1265,"38,521",440,97068,2279,"101,367","2,020",133844,2568,"141,249","4,837"
17-Oct-20,2592,81,"3,398",725,15299,146,"15,644",199,3685,90,"4,033",258,16620,194,"17,913","1,099",36861,1265,"38,565",439,97089,2288,"101,425","2,048",134494,2574,"141,474","4,406"
18-Oct-20,2594,81,"3,437",762,15309,147,"15,669",213,3702,90,"4,047",255,16672,194,"17,996","1,130",36899,1265,"38,598",434,97219,2298,"101,559","2,042",134674,2579,"141,713","4,460"
19-Oct-20,2594,82,"3,498",822,15330,148,"15,688",210,3714,90,"4,059",255,16744,195,"18,069","1,130",36964,1265,"38,645",416,97238,2298,"101,652","2,116",134825,2581,"141,841","4,435"
20-Oct-20,2594,82,"3,507",831,15340,148,"15,704",216,3644,90,"4,084",350,16807,195,"18,187","1,185",37017,1265,"38,708",426,97252,2310,"101,760","2,198",135296,2583,"142,134","4,255"
21-Oct-20,2835,84,"3,564",645,15351,148,"15,717",218,3771,90,"4,091",230,16888,199,"18,309","1,222",37064,1265,"38,779",450,97271,2319,"101,936","2,346",135494,2587,"142,348","4,267"
22-Oct-20,2835,84,"3,639",720,15375,148,"15,738",215,3786,90,"4,107",231,16970,201,"18,438","1,267",37122,1266,"38,810",422,97289,2323,"102,107","2,495",135759,2590,"142,641","4,292"
23-Oct-20,2835,85,"3,688",768,15382,148,"15,767",237,3834,90,"4,127",203,17050,205,"18,578","1,323",37142,1267,"38,886",477,97301,2329,"102,253","2,623",136102,2591,"142,917","4,224"
24-Oct-20,2837,86,"3,748",825,15386,148,"15,791",257,3853,90,"4,148",205,17176,207,"18,764","1,381",37177,1268,"38,923",478,97316,2334,"102,467","2,817",136356,2594,"143,222","4,272"
25-Oct-20,2839,86,"3,788",863,15396,148,"15,801",257,3864,90,"4,167",213,17311,210,"18,921","1,400",37227,1269,"39,015",519,97336,2335,"102,677","3,006",136518,2598,"143,526","4,410"
26-Oct-20,3045,87,"3,846",714,15435,148,"15,810",227,3878,90,"4,180",212,17454,212,"19,012","1,346",37261,1269,"39,043",513,97348,2335,"102,875","3,192",136654,2598,"143,836","4,584"
27-Oct-20,3045,87,"3,849",717,15459,149,"15,839",231,3928,91,"4,191",172,17501,213,"19,181","1,467",37306,1270,"39,119",543,97361,2336,"103,082","3,385",136840,2599,"144,114","4,675"
28-Oct-20,3045,87,"3,889",757,15478,149,"15,859",232,3939,92,"4,200",169,17547,214,"19,300","1,539",37380,1271,"39,189",538,97384,2342,"103,314","3,588",137041,2604,"144,449","4,804"
29-Oct-20,3045,88,"3,938",805,15496,149,"15,876",231,3946,92,"4,211",173,17648,215,"19,454","1,591",37437,1273,"39,277",567,97410,2347,"103,587","3,830",137656,2611,"144,765","4,498"
30-Oct-20,3049,89,"4,046",908,15522,149,"15,887",216,3972,92,"4,229",165,17753,215,"19,594","1,626",37463,1276,"39,361",622,97422,2354,"103,831","4,055",138346,2620,"145,238","4,272"
31-Oct-20,3249,90,"4,082",743,15545,149,"15,896",202,3984,92,"4,248",172,17905,217,"19,818","1,696",37524,1276,"39,458",658,97431,2357,"104,016","4,228",138428,2625,"145,475","4,422"
1-Nov-20,3249,92,"4,133",792,15553,151,"15,920",216,3986,92,"4,261",183,18059,222,"19,970","1,689",37583,1277,"39,564",704,97456,2362,"104,271","4,453",138669,2627,"145,851","4,555"
2-Nov-20,3360,95,"4,237",782,15569,151,"15,954",234,3986,92,"4,279",201,18209,222,"20,089","1,658",37642,1279,"39,649",728,97471,2365,"104,554","4,718",138779,2631,"146,331","4,921"
3-Nov-20,3414,98,"4,330",818,15591,152,"15,977",234,4017,92,"4,293",184,18261,222,"20,243","1,760",37691,1280,"39,749",778,97498,2372,"104,894","5,024",138974,2633,"146,774","5,167"
5-Nov-20,3481,104,"4,491",906,15633,152,"16,026",241,4058,92,"4,320",170,18505,229,"20,694","1,960",37823,1284,"40,022",915,97532,2385,"105,535","5,618",139633,2647,"147,787","5,507"
6-Nov-20,3505,107,"4,572",960,15660,152,"16,033",221,4070,92,"4,332",170,18570,231,"20,967","2,166",37866,1287,"40,148",995,97549,2390,"105,856","5,917",139866,2664,"148,343","5,813"
7-Nov-20,3576,107,"4,652",969,15680,153,"16,041",208,4084,93,"4,343",166,18786,236,"21,302","2,280",37955,1288,"40,285","1,042",97584,2399,"106,208","6,225",140233,2667,"148,922","6,022"
8-Nov-20,3624,109,"4,703",970,15683,154,"16,055",218,4096,93,"4,358",169,18971,238,"21,557","2,348",38021,1288,"40,397","1,088",97614,2407,"106,577","6,556",140408,2679,"149,542","6,455"
9-Nov-20,3654,109,"4,758",995,15700,154,"16,106",252,4114,93,"4,366",159,19120,241,"21,861","2,500",38105,1288,"40,657","1,264",97638,2408,"106,922","6,876",140550,2684,"150,169","6,935"
11-Nov-20,3712,114,"4,911","1,085",15743,154,"16,195",298,4156,93,"3,924",-325,19443,247,"17,296","-2,394",38342,1294,"41,069","1,433",97672,2429,"100,687",586,140997,2690,"150,131","6,444"
12-Nov-20,3759,116,"5,041","1,166",15780,154,"16,226",292,4162,93,"4,394",139,19604,248,"22,432","2,580",38426,1302,"41,069","1,341",97672,2438,"107,831","7,721",141446,2704,"151,352","7,202"
13-Nov-20,3812,118,"5,139","1,209",15782,155,"16,274",337,4183,93,"4,416",140,19808,250,"23,122","3,064",38526,1303,"41,472","1,643",97692,2455,"108,822","8,675",141760,2718,"153,051","8,573"
14-Nov-20,3882,119,"5,261","1,260",15801,155,"16,328",372,4188,93,"4,434",153,20036,253,"23,533","3,244",38694,1305,"41,723","1,724",97731,2462,"109,309","9,116",142082,2722,"153,873","9,069"
15-Nov-20,3945,119,"5,349","1,285",15817,156,"16,393",420,4192,93,"4,447",162,20274,255,"23,994","3,465",38824,1309,"41,990","1,857",97756,2471,"109,993","9,766",142417,2738,"154,738","9,583"
16-Nov-20,4007,121,"5,455","1,327",15852,156,"16,407",399,4203,93,"4,452",156,20274,257,"24,218","3,687",39005,1311,"42,370","2,054",97776,2475,"110,450","10,199",142707,2747,"155,680","10,226"
17-Nov-20,4076,126,"5,538","1,336",15902,156,"16,449",391,4207,93,"4,461",161,20948,260,"24,444","3,236",39110,1315,"42,615","2,190",97789,2492,"111,047","10,766",143252,2751,"156,528","10,525"
18-Nov-20,4147,131,"5,640","1,362",15917,156,"16,529",456,4221,93,"4,467",153,20708,263,"24,871","3,900",39319,1318,"42,815","2,178",97824,2509,"111,626","11,293",143652,2760,"157,432","11,020"
19-Nov-20,4210,132,"5,690","1,348",15942,157,"16,582",483,4244,93,"4,482",145,20914,265,"25,278","4,099",39462,1318,"43,052","2,272",97846,2519,"112,284","11,919",144056,2764,"158,559","11,739"
20-Nov-20,4262,134,"5,806","1,410",15961,158,"16,642",523,4244,93,"4,494",157,21222,266,"25,719","4,231",39647,1319,"43,359","2,393",97890,2811,"112,893","12,192",144316,2780,"159,752","12,656"
21-Nov-20,4318,134,"5,911","1,459",15972,158,"16,699",569,4266,93,"4,506",147,21486,270,"26,177","4,421",39818,1323,"43,730","2,589",97928,2826,"113,457","12,703",145143,2799,"161,028","13,086"
22-Nov-20,4410,140,"6,000","1,450",15990,161,"16,744",593,4270,94,"4,526",162,21712,278,"26,569","4,579",39930,1325,"44,097","2,842",97991,2848,"114,010","13,171",145525,2816,"162,227","13,886"
23-Nov-20,4498,144,"6,123","1,481",16031,161,"16,810",618,4288,95,"4,542",159,21806,279,"27,018","4,933",40235,1327,"44,599","3,037",98019,2861,"114,508","13,628",146008,2829,"163,329","14,492"
24-Nov-20,4584,147,"6,203","1,472",16061,163,"16,846",622,4303,95,"4,558",160,21990,285,"27,555","5,280",40422,1330,"44,932","3,180",98034,2879,"115,138","14,225",146366,2845,"164,651","15,440"
25-Nov-20,4681,151,"6,316","1,484",16093,164,"16,891",634,4317,96,"4,573",160,22138,291,"27,979","5,550",40707,1339,"45,314","3,268",98081,2904,"115,786","14,801",146957,2858,"166,033","16,218"
26-Nov-20,4782,152,"6,403","1,469",16153,165,"16,942",624,4319,96,"4,583",168,22451,297,"28,555","5,807",40978,1344,"45,828","3,506",98145,2923,"116,506","15,438",147564,2866,"167,381","16,951"
27-Nov-20,4886,155,"6,501","1,460",16214,165,"17,008",629,4319,96,"4,598",183,22758,305,"28,980","5,917",41200,1346,"46,281","3,735",98191,2945,"117,160","16,024",148313,2885,"168,783","17,585"
28-Nov-20,4989,161,"6,556","1,406",16244,165,"17,046",637,4347,97,"4,619",175,23092,307,"29,427","6,028",41477,1355,"46,604","3,772",98289,2960,"117,898","16,649",149115,2897,"170,206","18,194"
29-Nov-20,5076,164,"6,682","1,442",16257,166,"17,101",678,4365,97,"4,637",175,23399,309,"29,782","6,074",41617,1359,"46,877","3,901",98331,2979,"118,511","17,201",150765,2911,"171,595","17,919"
30-Nov-20,5190,165,"6,855","1,500",16341,166,"17,158",651,4382,97,"4,649",170,23736,314,"30,123","6,073",41800,1368,"47,190","4,022",98445,2991,"119,035","17,599",151529,2924,"173,014","18,561"
1-Dec-20,5283,169,"6,933","1,481",16414,167,"17,187",606,4382,97,"4,658",179,24143,318,"30,406","5,945",41864,1369,"47,370","4,137",98601,3036,"119,578","17,941",152599,2935,"174,350","18,816"
2-Dec-20,5363,173,"6,982","1,446",16466,169,"17,215",580,4393,97,"4,667",177,24546,324,"30,748","5,878",42130,1375,"47,701","4,196",98825,3066,"120,356","18,465",153642,2962,"175,642","19,038"
3-Dec-20,5436,173,"7,067","1,458",16547,169,"17,268",552,4402,97,"4,683",184,24960,329,"31,165","5,876",42411,1378,"47,919","4,130",98992,3091,"121,083","19,000",154203,2968,"177,625","20,454"
4-Dec-20,5497,174,"7,151","1,480",16602,169,"17,333",562,4441,98,"4,692",153,25399,332,"31,639","5,908",43168,1389,"48,264","3,707",99164,3115,"121,753","19,474",156034,2983,"179,240","20,223"
5-Dec-20,5567,175,"7,219","1,477",16653,169,"17,392",570,4465,98,"4,708",145,25784,334,"31,992","5,874",43839,1399,"48,683","3,445",99125,3137,"122,293","20,031",157006,2991,"180,904","20,907"
6-Dec-20,5629,177,"7,278","1,472",16663,169,"17,440",608,4468,98,"4,719",153,26208,340,"32,414","5,866",44167,1404,"49,220","3,649",99310,3162,"122,955","20,483",158567,3011,"182,473","20,895"
7-Dec-20,5698,181,"7,356","1,477",16736,169,"17,466",561,4482,98,"4,732",152,26396,341,"32,816","6,079",44253,1413,"49,676","4,010",99396,3177,"123,762","21,189",159581,3019,"184,486","21,886"
8-Dec-20,5752,182,"7,390","1,456",16805,169,"17,501",527,4459,98,"4,746",189,26603,341,"33,061","6,117",44289,1419,"50,078","4,370",111610,3218,"124,191","9,363",160933,3060,"186,212","22,219"
9-Dec-20,5829,182,"7,427","1,416",16857,170,"17,540",513,4503,98,"4,761",160,26795,345,"33,420","6,280",44526,1429,"50,506","4,551",111720,3242,"124,804","9,842",162041,3081,"187,684","22,562"
10-Dec-20,5912,183,"7,517","1,422",16910,171,"17,604",523,4511,98,"4,765",156,27003,348,"33,695","6,344",44633,1439,"50,762","4,690",111840,3265,"125,250","10,145",163492,3099,"189,687","23,096"
11-Dec-20,6008,186,"7,578","1,384",16960,173,"17,650",517,4539,98,"4,770",133,27205,353,"34,014","6,456",45129,1450,"51,172","4,593",114647,3284,"125,897","7,966",164604,3109,"191,246","23,533"
12-Dec-20,6065,188,"7,620","1,367",16982,173,"17,696",541,4546,98,"4,775",131,27617,358,"34,300","6,325",45672,1455,"51,404","4,277",114860,3320,"126,526","8,346",165466,3132,"192,735","24,137"
13-Dec-20,6156,191,"7,663","1,316",16997,175,"17,737",565,4559,99,"4,783",125,28020,368,"34,579","6,191",45866,1463,"52,092","4,763",114910,3351,"127,212","8,951",166492,3149,"194,359","24,718"
14-Dec-20,6245,191,"7,719","1,283",17059,175,"17,745",511,4563,99,"4,791",129,28245,371,"34,840","6,224",46266,1473,"52,449","4,710",114998,3365,"127,541","9,178",167343,3158,"195,702","25,201"
15-Dec-20,6321,191,"7,750","1,238",17092,175,"17,771",504,4583,99,"4,793",111,28480,377,"35,045","6,188",46350,1477,"52,787","4,960",115298,3422,"128,138","9,418",168209,3164,"196,962","25,589"
16-Dec-20,6404,193,"7,771","1,174",17188,176,"17,796",432,4603,99,"4,799",97,28699,379,"35,203","6,125",46895,1489,"53,253","4,869",115424,3452,"128,673","9,797",169385,3222,"198,482","25,875"
17-Dec-20,6495,194,"7,833","1,144",17235,176,"17,838",427,4604,99,"4,804",101,29053,381,"35,441","6,007",47272,1502,"53,609","4,835",115595,3491,"129,291","10,205",176337,3237,"199,706","20,132"
18-Dec-20,6588,200,"7,893","1,105",17258,177,"17,868",433,4607,99,"4,810",104,29417,385,"35,700","5,898",48254,1511,"54,021","4,256",115701,3522,"130,122","10,899",178027,3270,"201,080","19,783"
19-Dec-20,6689,203,"7,937","1,045",17304,179,"17,880",397,4609,99,"4,814",106,29780,388,"35,905","5,737",48426,1521,"54,448","4,501",118827,3558,"130,706","8,321",178866,3302,"202,983","20,815"
20-Dec-20,6763,204,"7,961",994,17309,179,"17,909",421,4617,99,"4,822",106,30136,389,"36,117","5,592",48903,1536,"54,948","4,509",119897,3604,"131,428","7,927",179780,3319,"204,103","21,004"
21-Dec-20,6874,206,"8,002",922,17372,179,"17,926",375,4617,99,"4,827",111,30373,391,"36,257","5,493",49121,1546,"55,183","4,516",119998,3638,"131,933","8,297",180730,3333,"204,840","20,777"
22-Dec-20,6975,210,"8,015",830,17408,179,"17,950",363,4636,99,"4,831",96,30761,392,"36,416","5,263",49445,1553,"55,450","4,452",120110,3688,"132,526","8,728",181602,3352,"205,484","20,530"
23-Dec-20,7072,211,"8,040",757,17477,179,"17,980",324,4639,99,"4,832",94,31120,395,"36,483","4,968",49740,1563,"55,811","4,508",121112,3732,"133,179","8,335",184192,3379,"206,489","18,918"
24-Dec-20,7165,211,"8,065",689,17529,181,"18,005",295,4649,99,"4,838",90,31332,398,"36,721","4,991",50244,1577,"56,160","4,339",121216,3783,"133,874","8,875",184999,3419,"207,407","18,989"
25-Dec-20,7250,213,"8,103",640,17564,181,"18,028",283,4671,101,"4,844",72,31575,402,"36,844","4,867",50855,1585,"56,544","4,104",121395,3831,"134,345","9,119",185648,3440,"208,514","19,426"
26-Dec-20,7325,214,"8,148",609,17582,181,"18,061",298,4677,101,"4,847",69,31727,404,"36,981","4,850",51200,1596,"56,875","4,079",121625,3858,"135,141","9,658",186353,3462,"209,429","19,614"
27-Dec-20,7392,216,"8,172",564,17586,182,"18,075",307,4683,101,"4,850",66,31895,404,"37,117","4,818",51552,1602,"57,215","4,061",121989,3900,"135,665","9,776",187035,3469,"210,241","19,737"
28-Dec-20,7469,218,"8,215",528,17619,182,"18,082",281,4686,101,"4,850",63,32143,407,"37,272","4,722",51928,1609,"57,467","3,930",122280,3921,"136,147","9,946",187767,3491,"211,276","20,018"
29-Dec-20,7530,219,"8,235",486,17656,182,"18,099",261,4696,101,"4,853",56,32553,412,"37,390","4,425",52056,1617,"57,746","4,073",122652,3959,"136,669","10,058",188351,3502,"212,093","20,240"
30-Dec-20,7577,220,"8,241",444,17683,182,"18,118",253,4700,101,"4,855",54,33253,415,"37,556","3,888",52818,1627,"57,982","3,537",122932,3982,"137,295","10,381",191150,3520,"213,193","18,523"
31-Dec-20,7617,221,"8,256",418,17702,183,"18,148",263,4705,101,"4,856",50,33857,416,"37,702","3,429",53272,1638,"58,379","3,469",123269,4013,"137,949","10,667",194651,3533,"214,425","16,241"
1-Jan-21,7656,222,"8,277",399,17732,183,"18,168",253,4705,101,"4,857",51,34410,419,"37,888","3,059",53708,1649,"58,701","3,344",123598,4042,"138,608","10,968",195420,3560,"215,679","16,699"
2-Jan-21,7691,224,"8,303",388,17752,184,"18,181",245,4713,101,"4,862",48,34617,421,"38,020","2,982",53942,1661,"59,023","3,420",124125,4085,"139,341","11,131",196134,3582,"216,632","16,916"
3-Jan-21,7723,226,"8,325",376,17760,185,"18,218",273,4716,101,"4,866",49,34940,424,"38,146","2,782",54383,1672,"59,255","3,200",124461,4109,"140,188","11,618",196677,3594,"217,636","17,365"
4-Jan-21,7758,226,"8,357",373,17812,185,"18,247",250,4716,101,"4,867",50,35093,428,"38,263","2,742",54519,1675,"59,484","3,290",125129,4124,"140,714","11,461",197430,3611,"218,597","17,556"
5-Jan-21,7798,229,"8,383",356,17829,185,"18,254",240,4717,101,"4,870",52,35253,428,"38,395","2,714",54668,1683,"59,729","3,378",126225,4160,"141,393","11,008",197870,3623,"219,452","17,959"
6-Jan-21,7833,229,"8,396",334,17857,186,"18,280",237,4717,101,"4,873",55,35609,432,"38,531","2,490",55025,1695,"59,955","3,235",128775,4184,"142,058","9,099",198577,3634,"220,501","18,290"
7-Jan-21,7871,232,"8,416",313,17883,186,"18,300",231,4722,101,"4,874",51,35916,434,"38,687","2,337",55372,1702,"60,229","3,155",129102,4203,"142,835","9,530",199649,3653,"221,734","18,432"
8-Jan-21,7894,234,"8,430",302,17893,186,"18,314",235,4727,101,"4,878",50,36231,436,"38,842","2,175",55728,1710,"60,536","3,098",129321,4221,"143,511","9,969",202034,3670,"222,999","17,295"
9-Jan-21,7923,235,"8,451",293,17898,187,"18,351",266,4728,101,"4,879",50,36546,436,"38,970","1,988",55928,1718,"60,751","3,105",129852,4242,"144,111","10,017",202570,3679,"224,004","17,755"
10-Jan-21,7949,235,"8,478",294,17899,188,"18,373",286,4729,101,"4,879",49,36705,439,"39,120","1,976",56239,1728,"61,148","3,181",130120,4260,"144,909","10,529",203328,3693,"225,509","18,488"
11-Jan-21,7966,235,"8,489",288,17938,188,"18,412",286,4734,101,"4,880",45,36765,441,"39,242","2,036",56535,1740,"61,424","3,149",130358,4272,"145,508","10,878",204075,3699,"226,338","18,564"
12-Jan-21,7982,235,"8,501",284,17955,188,"18,429",286,4739,101,"4,882",42,36895,443,"39,340","2,002",56714,1743,"61,648","3,191",130765,4299,"146,016","10,952",206927,3708,"227,885","17,250"
13-Jan-21,8001,235,"8,521",285,17978,188,"18,467",301,4744,101,"4,882",37,37049,447,"39,462","1,966",57027,1748,"62,018","3,243",130912,4323,"146,525","11,290",209239,3730,"228,949","15,980"
14-Jan-21,8021,236,"8,540",283,18002,188,"18,488",298,4746,101,"4,882",35,37200,449,"39,624","1,975",57313,1752,"62,377","3,312",131825,4348,"147,292","11,119",210127,3744,"230,718","16,847"
15-Jan-21,8044,237,"8,567",286,18021,189,"18,515",305,4748,101,"4,882",33,37413,449,"39,749","1,887",57537,1762,"62,719","3,420",132769,4370,"147,953","10,814",210774,3755,"231,953","17,424"
16-Jan-21,8063,238,"8,583",282,18060,190,"18,537",287,4748,101,"4,882",33,37621,450,"39,888","1,817",57755,1773,"62,996","3,468",133586,4387,"148,488","10,515",212266,3769,"233,396","17,361"
17-Jan-21,8082,241,"8,606",283,18071,190,"18,569",308,4750,101,"4,882",31,37769,456,"40,019","1,794",58082,1779,"63,339","3,478",133952,4409,"149,222","10,861",212933,3775,"234,654","17,946"
18-Jan-21,8105,241,"8,631",285,18100,190,"18,612",322,4756,101,"4,884",27,37914,457,"40,111","1,740",58240,1783,"63,615","3,592",134489,4432,"149,782","10,861",213624,3793,"235,576","18,159"
19-Jan-21,8138,243,"8,654",273,18110,190,"18,622",322,4756,101,"4,887",30,38046,457,"40,177","1,674",58348,1791,"63,825","3,686",134842,4460,"150,316","11,014",214231,3813,"236,530","18,486"
20-Jan-21,8138,245,"8,672",289,18119,191,"18,640",330,4763,102,"4,892",27,38148,460,"40,304","1,696",58803,1799,"64,078","3,476",135425,4476,"150,889","10,988",215101,3830,"237,308","18,377"
21-Jan-21,8177,248,"8,706",281,18161,192,"18,670",317,4765,102,"4,894",27,38278,460,"40,430","1,692",59278,1811,"64,373","3,284",135892,4501,"151,603","11,210",216145,3843,"238,470","18,482"
22-Jan-21,8209,248,"8,753",296,18205,192,"18,696",299,4765,102,"4,899",32,38414,461,"40,548","1,673",59613,1823,"64,651","3,215",136645,4523,"152,158","10,990",216920,3855,"239,186","18,411"
23-Jan-21,8227,252,"8,770",291,18235,192,"18,715",288,4765,102,"4,899",32,38534,463,"40,629","1,632",59897,1826,"64,945","3,222",136987,4537,"152,925","11,401",217863,3875,"239,935","18,197"
24-Jan-21,8246,254,"8,795",295,18248,193,"18,736",295,4770,102,"4,901",29,38637,465,"40,713","1,611",60222,1832,"65,287","3,233",137678,4561,"153,410","11,171",218688,3888,"240,570","17,994"
25-Jan-21,8261,256,"8,825",308,18284,193,"18,750",273,4770,102,"4,902",30,38737,468,"40,815","1,610",60476,1839,"65,532","3,217",138894,4568,"154,017","10,555",219481,3892,"241,200","17,827"
26-Jan-21,8280,257,"8,855",318,18293,193,"18,754",268,4775,102,"4,902",25,38843,468,"40,892","1,581",60562,1848,"65,740","3,330",139421,4608,"154,717","10,688",219952,3900,"242,054","18,202"
27-Jan-21,8297,258,"8,877",322,18315,193,"18,765",257,4781,102,"4,903",20,38970,469,"40,972","1,533",60950,1857,"65,953","3,146",139887,4646,"155,214","10,681",221007,3925,"242,793","17,861"
28-Jan-21,8317,259,"8,931",355,18357,193,"18,788",238,4781,102,"4,906",23,39079,472,"41,076","1,525",61462,1870,"66,198","2,866",140545,4661,"155,805","10,599",222037,3957,"243,683","17,689"
29-Jan-21,8335,259,"8,953",359,18363,194,"18,798",241,4787,102,"4,909",20,39196,476,"41,176","1,504",61656,1879,"66,451","2,916",141785,4681,"156,404","9,938",222623,3969,"244,340","17,748"
30-Jan-21,8354,259,"8,972",359,18421,195,"18,809",193,4787,102,"4,908",19,39309,475,"41,255","1,471",61932,1890,"66,679","2,857",141991,4716,"156,928","10,221",223358,3986,"245,663","18,319"
31-Jan-21,8369,260,"8,988",359,18429,195,"18,815",191,4787,102,"4,908",19,39439,475,"41,359","1,445",62198,1897,"66,953","2,858",142651,4736,"157,353","9,966",224101,3992,"246,437","18,344"
1-Feb-21,8386,262,"9,019",371,18479,195,"18,823",149,4787,102,"4,909",20,39562,475,"41,418","1,381",62385,1906,"67,214","2,923",142989,4747,"157,796","10,060",224664,3996,"247,249","18,589"
2-Feb-21,8404,254,"9,050",392,18497,196,"18,830",137,4788,102,"4,909",19,39676,475,"41,493","1,342",62537,1912,"67,419","2,970",143652,4793,"158,220","9,775",224983,4004,"247,727","18,740"
3-Feb-21,8426,267,"9,073",380,18516,196,"18,836",124,4793,102,"4,910",15,39777,475,"41,561","1,309",63029,1923,"67,589","2,637",144028,4806,"158,793","9,959",225297,4033,"248,270","18,940"
4-Feb-21,8445,269,"9,100",386,18536,196,"18,840",108,4794,102,"4,912",16,39871,478,"41,655","1,306",63324,1931,"67,803","2,548",144921,4821,"159,311","9,569",226017,4036,"248,919","18,866"
5-Feb-21,8469,270,"9,144",405,18547,196,18844,101,4794,102,4913,17,39987,478,41734,"1,269",63610,1941,"68,004","2,453",145681,4840,159705,"9,184",226414,4059,249498,"19,025"
6-Feb-21,8488,270,"9,160",402,18558,196,"18,849",95,4794,102,"4,915",19,40074,478,"41,819","1,267",63799,1948,"68,180","2,433",146235,4854,"160,162","9,073",226752,4066,"250,043","19,225"
7-Feb-21,8511,272,"9,199",416,18560,196,"18,859",103,4795,102,"4,916",19,40160,478,"41,934","1,296",63953,1952,"68,338","2,433",147115,4880,"160,580","8,585",227148,4087,"250,648","19,413"
8-Feb-21,8530,272,"9,219",417,18581,196,"18,869",92,4795,102,"4,916",19,40241,480,"41,994","1,273",64112,1957,"68,531","2,462",147685,4900,"160,935","8,350",227558,4119,"251,047","19,370"
9-Feb-21,8553,273,"9,238",412,18593,196,"18,877",88,4795,102,"4,918",21,40352,480,"42,080","1,248",64206,1964,"68,625","2,455",148496,4919,"161,347","7,932",227948,4132,"251,434","19,354"
10-Feb-21,8582,273,"9,291",436,18612,197,"18,891",82,4795,102,"4,920",23,40449,481,"42,188","1,258",64653,1970,"68,786","2,163",149268,4948,"161,757","7,541",228592,4157,"251,758","19,009"
11-Feb-21,8614,276,"9,334",444,18619,197,"18,898",82,4799,102,"4,923",22,40516,481,"42,279","1,282",64933,1976,"68,972","2,063",149987,4982,"162,391","7,422",229215,4171,"252,296","18,910"
12-Feb-21,8637,279,"9,359",443,18629,197,"18,916",90,4803,102,"4,929",24,40599,483,"42,401","1,319",65213,1980,"69,164","1,971",150638,4994,"162,875","7,243",229645,4183,"252,719","18,891"
13-Feb-21,8670,281,"9,408",457,18634,198,"18,924",92,4805,102,"4,937",30,40674,484,"42,513","1,355",65349,1986,"69,386","2,051",150984,5026,"163,367","7,357",234584,4199,"253,090","14,307"
14-Feb-21,8694,281,"9,448",473,18638,199,"18,929",92,4805,102,"4,940",33,40736,485,"42,590","1,369",65520,1991,"69,778","2,267",151551,5037,"163,833","7,245",235143,4212,"253,511","14,156"
15-Feb-21,8725,281,"9,487",481,18655,199,"18,942",88,4805,102,"4,940",33,40800,486,"42,688","1,402",65646,1995,"69,990","2,349",151896,5051,"164,268","7,321",235470,4219,"253,762","14,073"
16-Feb-21,8758,283,"9,532",491,18658,199,"18,946",89,4808,102,"4,941",31,40864,486,"42,808","1,458",65794,2000,"69,885","2,091",152325,5084,"164,696","7,287",235854,4226,"254,016","13,936"
17-Feb-21,8791,284,"9,562",487,18667,199,"18,954",88,4812,102,"4,943",29,40923,486,"42,921","1,512",65984,2007,"70,123","2,132",152869,5114,"165,200","7,217",236499,4244,"254,286","13,543"
18-Feb-21,8831,284,"9,629",514,18668,199,"18,958",91,4813,102,"4,945",30,41030,487,"43,029","1,512",66240,2015,"70,306","2,051",153644,5138,"165,716","6,934",237371,4263,"254,678","13,044"
19-Feb-21,8865,285,"9,673",523,18675,199,"18,967",93,4816,102,"4,947",29,41139,487,"43,145","1,519",66391,2020,"70,493","2,082",153924,5166,"166,242","7,152",238030,4267,"255,039","12,742"
20-Feb-21,8899,286,"9,718",533,18689,199,"18,972",84,4821,102,"4,951",28,41203,488,"43,282","1,591",66524,2027,"70,716","2,165",154568,5185,"166,777","7,024",238498,4276,"255,430","12,656"
21-Feb-21,8938,288,"9,777",551,18697,199,"18,979",83,4821,102,"4,951",28,41279,488,"43,402","1,635",66685,2032,"70,886","2,169",154895,5204,"167,345","7,246",238792,4288,"255,834","12,754"
22-Feb-21,8971,288,"9,828",569,18708,199,"18,988",81,4821,102,"4,951",28,41363,492,"43,485","1,630",66885,2036,"71,043","2,122",155632,5208,"167,819","6,979",239110,4292,"256,220","12,818"
23-Feb-21,9012,291,"9,878",575,18713,199,"18,993",81,4826,102,"4,951",23,41451,493,"43,623","1,679",67007,2043,"71,146","2,096",155948,5237,"168,348","7,163",239286,4293,"256,445","12,866"
24-Feb-21,9055,293,"9,955",607,18716,199,"19,004",89,4832,102,"4,954",20,41539,494,"43,753","1,720",67187,2050,"71,282","2,045",156821,5269,"168,891","6,801",240057,4301,"256,741","12,383"
25-Feb-21,9097,296,"10,022",629,18732,199,"19,010",79,4836,102,"4,955",17,41640,494,"43,901","1,767",67448,2058,"71,490","1,984",157459,5308,"169,474","6,707",240676,4315,"257,089","12,098"
26-Feb-21,9144,296,"10,101",661,18734,200,"19,035",101,4840,102,"4,956",14,41765,496,"44,032","1,771",67632,2065,"71,728","2,031",159295,5323,"170,222","5,604",240983,4322,"257,408","12,103"
27-Feb-21,9185,297,"10,147",665,18743,200,"19,038",95,4840,102,"4,956",14,41894,496,"44,106","1,716",67803,2070,"72,003","2,130",160685,5337,"170,817","4,795",241256,4335,"257,730","12,139"
28-Feb-21,9195,297,"10,198",706,18745,200,"19,045",100,4841,102,"4,956",13,41995,496,"44,259","1,768",68024,2072,"72,162","2,066",160997,5350,"171,349","5,002",241480,4343,"258,004","12,181"
1-Mar-21,9228,301,"10,243",714,18754,200,"19,049",95,4843,102,"4,956",11,42085,501,"44,373","1,787",68128,2079,"72,424","2,217",161469,5363,"172,054","5,222",241864,4350,"258,266","12,052"
2-Mar-21,9262,306,"10,280",712,18762,200,"19,066",104,4845,102,"4,956",9,42203,501,"44,516","1,812",68225,2085,"72,615","2,305",161895,5391,"172,683","5,397",242214,4353,"258,412","11,845"
3-Mar-21,9302,306,"10,319",711,18768,200,"19,076",108,4845,102,"4,956",9,42317,501,"44,690","1,872",68507,2091,"72,801","2,203",162658,5441,"173,395","5,296",247858,4372,"258,679","6,449"
4-Mar-21,9347,307,"10,371",717,18773,200,"19,084",111,4850,102,"4,957",5,42419,503,"44,921","1,999",68676,2096,"73,007","2,235",162993,5480,"174,191","5,718",248184,4388,"258,904","6,332"
5-Mar-21,9393,308,"10,409",708,18779,200,"19,097",118,4850,102,"4,957",5,42571,504,"45,078","2,003",68946,2099,"73,258","2,213",163752,5510,"175,051","5,789",248478,4405,"259,164","6,281"
6-Mar-21,9437,309,"10,464",718,18791,200,"19,106",115,4852,102,"4,958",4,42726,506,"45,329","2,097",69106,2104,"73,515","2,305",164487,5534,"175,964","5,943",248811,4411,"259,392","6,170"
7-Mar-21,9486,309,"10,534",739,18804,201,"19,114",109,4853,102,"4,959",4,42853,508,"45,519","2,158",69264,2109,"73,708","2,335",164989,5552,"177,008","6,467",248999,4424,"259,666","6,243"
8-Mar-21,9533,311,"10,579",735,18809,201,"19,117",107,4853,102,"4,959",4,43000,509,"45,740","2,231",69397,2113,"74,027","2,517",165678,5565,"177,823","6,580",249188,4426,"259,855","6,241"
9-Mar-21,9584,313,"10,626",729,18828,201,"19,121",92,4853,102,"4,959",4,43134,511,"45,976","2,331",69527,2118,"74,167","2,522",166503,5600,"178,648","6,545",251394,4436,"259,956","4,126"
10-Mar-21,9628,314,"10,673",731,18842,202,"19,141",97,4853,103,"4,959",3,43244,512,"46,229","2,473",69849,2122,"74,433","2,462",167269,5629,"179,654","6,756",251531,4442,"260,150","4,177"
11-Mar-21,9673,316,"10,730",741,18845,202,"19,157",110,4856,103,"4,959",0,43435,516,"46,579","2,628",70044,2129,"74,722","2,549",167967,5662,"180,944","7,315",251673,4448,"260,406","4,285"
12-Mar-21,9739,317,"10,816",760,18849,202,"19,171",120,4856,103,"4,959",0,43658,520,"46,963","2,785",70245,2138,"75,052","2,669",168186,5698,"182,576","8,692",252532,4452,"260,661","3,677"
13-Mar-21,9808,317,"10,892",767,18860,202,"19,188",126,4856,103,"4,960",1,43808,522,"47,365","3,035",70360,2147,"75,357","2,850",168979,5732,"183,815","9,104",252625,4453,"260,959","3,881"
14-Mar-21,9864,320,"10,952",768,18868,202,"19,206",136,4856,103,"4,960",1,44043,524,"47,710","3,143",70514,2153,"75,725","3,058",169752,5753,"185,468","9,963",252674,4453,"261,179","4,052"
15-Mar-21,9926,320,"11,017",771,18881,202,"19,220",137,4856,103,"4,961",2,44152,526,"48,081","3,403",70655,2159,"76,104","3,290",170695,5769,"186,659","10,195",252713,4458,"261,411","4,240"
16-Mar-21,9985,322,"11,089",782,18890,202,"19,233",141,4856,103,"4,961",2,44409,526,"48,495","3,560",70861,2169,"76,379","3,349",171156,5812,"188,225","11,257",252857,4461,"261,582","4,264"
17-Mar-21,10045,322,"11,161",794,18896,202,"19,247",149,4856,103,"4,965",6,44636,529,"48,938","3,773",71104,2179,"76,819","3,536",173289,5853,"189,362","10,220",253041,4468,"261,823","4,314"
18-Mar-21,10106,328,"11,264",830,18908,202,"19,269",159,4856,103,"4,965",6,44828,531,"49,476","4,117",71297,2188,"77,443","3,958",174269,5896,"191,186","11,021",253237,4469,"262,207","4,501"
19-Mar-21,10178,328,"11,377",871,18910,202,"19,290",178,4856,103,"4,967",8,44976,536,"50,096","4,584",71518,2196,"77,972","4,258",174566,5919,"193,054","12,569",253310,4473,"262,503","4,720"
20-Mar-21,10242,330,"11,483",911,18919,203,"19,306",184,4856,103,"4,967",8,45161,539,"50,843","5,143",71861,2202,"78,653","4,590",175265,5944,"195,087","13,878",253456,4478,"262,796","4,862"
21-Mar-21,10296,333,"11,609",980,18925,203,"19,327",199,4856,103,"4,972",13,45381,543,"51,414","5,490",72111,2208,"79,245","4,926",176699,5974,"197,177","14,504",253584,4479,"263,058","4,995"
22-Mar-21,10355,336,"11,704","1,013",18941,203,"19,342",198,4856,103,"4,972",13,45636,545,"52,086","5,905",72322,2215,"80,037","5,500",177698,5982,"199,040","15,360",253730,4479,"263,290","5,081"
23-Mar-21,10406,338,"11,792","1,048",18958,203,"19,347",186,4856,103,"4,974",15,45818,548,"52,676","6,310",72500,2225,"80,519","5,794",178898,6039,"200,969","16,032",253835,4479,"263,464","5,150"
24-Mar-21,10459,339,"11,946","1,148",18975,203,"19,374",196,4856,103,"4,975",16,46067,552,"53,136","6,517",72948,2238,"81,204","6,018",178942,6048,"202,743","17,753",253981,4482,"263,664","5,201"
25-Mar-21,10511,339,"12,016","1,166",18986,205,"19,395",204,4858,103,"4,977",16,46307,554,"53,684","6,823",73171,2246,"81,787","6,370",179895,6099,"205,314","19,320",255247,4482,"263,815","4,086"
26-Mar-21,10575,340,"12,095","1,180",19003,205,"19,427",219,4858,103,"4,983",22,46478,555,"54,347","7,314",73481,2260,"82,677","6,936",181351,6142,"207,765","20,272",255399,4486,"264,062","4,177"
27-Mar-21,10575,340,"12,095","1,180",19003,205,"19,427",219,4858,103,"4,983",22,46478,555,"54,347","7,314",73481,2260,"82,677","6,936",181351,6142,"207,765","20,272",255399,4486,"264,062","4,177"
28-Mar-21,10689,344,"12,367","1,334",19028,206,"19,497",263,4859,103,"4,999",37,46915,559,"55,594","8,120",74470,2283,"84,609","7,856",184297,6229,"212,918","22,392",255671,4491,"264,607","4,445"
29-Mar-21,10760,348,"12,484","1,376",19046,206,"19,525",273,4859,103,"5,010",48,47064,561,"56,450","8,825",74822,2301,"85,531","8,408",185877,6246,"215,227","23,104",255769,4491,"264,889","4,629"
30-Mar-21,10812,350,"12,549","1,387",19067,207,"19,535",261,4867,103,"5,016",46,47271,563,"57,204","9,370",75324,2319,"86,044","8,401",186985,6319,"217,694","24,390",255952,4495,"265,158","4,711"
31-Mar-21,10865,352,"12,663","1,446",19090,207,"19,557",260,4867,103,"5,024",54,47458,568,"57,833","9,807",76232,2342,"87,055","8,481",188562,6365,"220,392","25,465",256052,4497,"265,433","4,884"
1-Apr-21,10945,355,"12,805","1,505",19106,208,"19,576",262,4867,103,"5,033",63,47584,572,"58,557","10,401",76640,2363,"88,099","9,096",189856,6427,"223,181","26,898",256276,4502,"265,680","4,902"
2-Apr-21,11019,358,"12,984","1,607",19122,209,"19,610",279,4867,103,"5,045",75,48050,572,"59,401","10,779",77166,2382,"89,255","9,707",190597,6485,"225,953","28,871",256384,4504,"265,917","5,029"
3-Apr-21,11098,363,"13,176","1,715",19136,211,"19,679",332,4879,103,"5,045",63,48481,574,"60,197","11,142",77166,2417,"90,262","10,679",192452,6523,"228,356","29,381",256479,4506,"266,173","5,188"
4-Apr-21,11186,364,"13,321","1,771",19143,211,"19,734",380,4879,103,"5,052",70,48933,579,"60,911","11,399",78290,2440,"91,439","10,709",193985,6572,"231,073","30,516",256642,4509,"266,378","5,227"
5-Apr-21,11260,371,"13,446","1,815",19162,211,"19,785",412,4890,103,"5,059",66,49378,583,"61,552","11,591",78880,2457,"92,423","11,086",195684,6587,"233,348","31,077",256706,4509,"266,618","5,403"
6-Apr-21,11332,372,"13,529","1,825",19185,211,"19,855",459,4890,103,"5,061",68,49839,584,"62,211","11,788",79030,2469,"93,033","11,534",196985,6675,"235,569","31,909",256897,4510,"266,926","5,519"
7-Apr-21,11409,380,"13,713","1,924",19222,212,"19,942",508,4892,103,"5,064",69,50064,588,"62,775","12,123",80348,2496,"93,862","11,018",197841,6731,"237,594","33,022",257013,4516,"267,238","5,709"
8-Apr-21,11502,386,"13,873","1,985",19249,212,"19,999",538,4896,103,"5,070",71,50530,591,"63,499","12,378",81293,2519,"94,880","11,068",198753,6793,"240,584","35,038",257176,4520,"267,612","5,916"
9-Apr-21,11638,391,"14,069","2,040",19295,213,"20,097",589,4912,103,"5,097",82,50722,597,"64,173","12,854",81959,2553,"96,128","11,616",199941,6851,"243,295","36,503",257322,4521,"267,970","6,127"
10-Apr-21,11782,395,"14,260","2,083",19322,213,"20,178",643,4912,103,"5,103",88,51238,601,"64,902","13,063",82479,2586,"97,318","12,253",200235,6908,"245,923","38,780",257593,4523,"268,284","6,168"
11-Apr-21,11910,399,"14,461","2,152",19330,215,"20,241",696,4919,103,"5,127",105,52298,607,"65,700","12,795",83225,2618,"98,301","12,458",202368,6972,"248,438","39,098",257650,4529,"268,750","6,571"
12-Apr-21,12021,403,"14,594","2,170",19375,215,"20,321",731,4919,103,"5,127",105,52904,611,"66,380","12,865",83852,2651,"99,595","13,092",203960,6988,"250,459","39,511",257804,4530,"269,126","6,792"
13-Apr-21,12117,407,"14,687","2,163",19397,217,"20,397",783,4928,103,"5,130",99,53441,617,"66,983","12,925",84522,2683,"100,275","13,070",205912,7062,"252,974","40,000",257950,4530,"269,474","6,994"
14-Apr-21,12221,410,"14,837","2,206",19435,219,"20,499",845,4933,103,"5,140",104,53961,619,"67,491","12,911",85223,2732,"101,045","13,090",207606,7141,"255,571","40,824",258533,4530,"269,840","6,777"
15-Apr-21,12351,420,"14,978","2,207",19473,221,"20,580",886,4936,103,"5,153",114,54602,625,"68,066","12,839",86531,2761,"102,290","12,998",209760,7209,"258,441","41,472",258999,4533,"270,310","6,778"
16-Apr-21,12487,423,"15,137","2,227",19542,222,"20,662",898,4951,103,"5,163",109,55222,626,"68,665","12,817",87320,2796,"103,419","13,303",211865,7271,"261,173","42,037",259388,4541,"270,963","7,034"
17-Apr-21,12624,428,"15,304","2,252",19610,223,"20,760",927,4967,103,"5,174",104,55828,631,"68,906","12,447",88239,2832,"104,480","13,409",213896,7333,"264,010","42,781",259792,4544,"271,524","7,188"
18-Apr-21,12775,433,"15,524","2,316",19629,223,"20,822",970,4968,103,"5,176",105,56399,636,"69,556","12,521",89353,2867,"105,438","13,218",216237,7430,"267,572","43,905",260122,4551,"272,197","7,524"
19-Apr-21,12908,439,"15,669","2,322",19764,223,"20,940",953,4971,103,"5,182",108,56805,642,"70,079","12,632",89987,2899,"106,500","13,614",218082,7457,"270,338","44,799",260328,4553,"272,729","7,848"
20-Apr-21,13023,442,"15,741","2,276",19812,225,"21,000",963,4990,104,"5,191",97,57316,645,"70,609","12,648",90798,2920,"107,309","13,591",220514,7561,"273,566","45,491",260678,4556,"273,466","8,232"
21-Apr-21,13173,446,"15,873","2,254",19897,225,"21,127","1,005",4997,104,"5,204",103,57631,649,"70,984","12,704",91840,2953,"108,462","13,669",224029,7664,"276,535","44,842",261052,4559,"274,196","8,585"
22-Apr-21,13303,449,"16,026","2,274",19957,226,"21,242","1,059",5001,104,"5,215",110,57979,649,"71,533","12,905",92687,2990,"109,704","14,027",226380,7718,"279,437","45,339",261298,4562,"275,081","9,221"
23-Apr-21,13458,455,"16,193","2,280",20035,227,"21,365","1,103",5008,104,"5,241",129,58485,652,"72,150","13,013",93730,3029,"110,875","14,116",230032,7799,"282,469","44,638",261542,4576,"275,815","9,697"
24-Apr-21,13589,458,"16,327","2,280",20105,230,"21,477","1,142",5033,104,"5,247",110,59080,657,"72,613","12,876",94675,3066,"112,140","14,399",232135,7897,"285,542","45,510",261871,4587,"276,670","10,212"
25-Apr-21,13714,461,"16,463","2,288",20159,232,"21,618","1,227",5040,104,"5,253",109,59591,660,"72,981","12,730",95515,3103,"113,121","14,503",233655,7964,"288,598","46,979",262138,4593,"277,593","10,862"
26-Apr-21,13823,462,"16,591","2,306",20286,232,"21,743","1,225",5043,105,"5,258",110,59993,665,"73,450","12,792",96936,3144,"114,077","13,997",235669,7990,"290,788","47,129",262296,4599,"278,545","11,650"
27-Apr-21,13921,464,"16,659","2,274",20350,232,"21,803","1,221",5050,105,"5,272",117,60521,670,"73,804","12,613",98045,3156,"114,661","13,460",239290,8097,"293,468","46,081",262639,4605,"279,272","12,028"
28-Apr-21,14029,468,"16,779","2,282",20464,233,"21,945","1,248",5050,105,"5,280",125,60821,675,"74,131","12,635",100051,3201,"115,596","12,344",240814,8224,"296,144","47,106",263265,4624,"280,356","12,467"
29-Apr-21,14195,470,"16,931","2,266",20530,233,"22,118","1,355",5049,106,"5,296",141,61236,677,"74,640","12,727",101342,3238,"116,523","11,943",242068,8327,"298,818","48,423",263773,4629,"281,385","12,983"
30-Apr-21,14359,475,"17,057","2,223",20592,234,"22,278","1,452",5072,106,"5,305",127,61785,679,"75,067","12,603",102142,3274,"117,557","12,141",243436,8410,"301,114","49,268",264052,4633,"282,445","13,760"
1-May-21,14472,476,"17,187","2,239",20729,236,"22,369","1,404",5086,107,"5,310",117,62320,683,"75,498","12,495",102938,3310,"118,413","12,165",247050,8500,"303,182","47,632",264414,4645,"283,560","14,501"
2-May-21,14584,477,"17,297","2,236",20786,237,"22,528","1,505",5087,107,"5,312",118,62959,691,"75,892","12,242",103921,3350,"119,277","12,006",250033,8550,"304,889","46,306",264832,4658,"284,738","15,248"
3-May-21,14669,483,"17,371","2,219",20926,237,"22,620","1,457",5102,107,"5,327",118,63481,691,"76,209","12,037",104903,3392,"120,064","11,769",253687,8572,"306,929","44,670",265276,4667,"285,626","15,683"
4-May-21,14746,487,"17,397","2,164",21094,239,"22,664","1,331",5110,107,"5,330",113,63933,693,"76,492","11,866",105527,3423,"120,590","11,640",256956,8683,"308,529","42,890",256776,4678,"286,521","25,067"
5-May-21,14856,491,"17,465","2,118",21150,239,"22,776","1,387",5114,107,"5,341",120,64421,698,"76,696","11,577",106557,3466,"121,099","11,076",260241,8741,"310,616","41,634",266388,4687,"287,643","16,568"
6-May-21,15011,494,"17,583","2,078",21266,240,"22,900","1,394",5135,107,"5,355",113,65069,699,"77,065","11,297",107370,3497,"121,728","10,861",262555,8809,"312,522","41,158",266718,4691,"288,680","17,271"
7-May-21,15098,499,"17,660","2,063",21631,243,"23,016","1,142",5139,107,"5,358",112,65524,702,"77,414","11,188",108462,3537,"122,520","10,521",264647,8891,"314,517","40,979",267524,4698,"289,646","17,424"
8-May-21,15168,503,"17,763","2,092",21509,246,"23,186","1,431",5146,107,"5,367",114,65977,706,"77,684","11,001",109609,3562,"123,150","9,979",266745,8951,"316,334","40,638",268558,4722,"290,756","17,476"
9-May-21,15290,507,"17,866","2,069",21557,247,"23,324","1,520",5146,107,"5,380",127,66520,708,"77,974","10,746",110179,3588,"123,842","10,075",269355,9032,"317,972","39,585",269234,4726,"291,668","17,708"
10-May-21,15389,508,"17,945","2,048",21737,248,"23,447","1,462",5167,107,"5,388",114,67025,715,"78,200","10,460",111142,3615,"124,484","9,727",271825,9058,"319,365","38,482",269820,4742,"292,644","18,082"
11-May-21,15491,508,"17,984","1,985",21876,253,"23,534","1,405",5182,107,"5,401",112,67433,716,"78,382","10,233",111699,3644,"124,979","9,636",274131,9125,"320,851","37,595",270710,4753,"293,426","17,963"
12-May-21,15596,509,"18,056","1,951",22012,255,"23,655","1,388",5186,107,"5,407",114,67811,718,"78,560","10,031",112706,3668,"125,392","9,018",276800,9188,"322,117","36,129",271581,4765,"294,251","17,905"
13-May-21,15699,510,"18,129","1,920",21555,255,"23,728","1,918",5189,107,"5,410",114,68270,722,"78,725","9,733",113520,3697,"125,914","8,697",279268,9267,"323,314","34,779",272214,4778,"295,483","18,491"
14-May-21,15744,511,"18,186","1,931",22256,257,"23,778","1,265",5199,107,"5,414",108,68777,724,"78,969","9,468",114074,3723,"126,403","8,606",281525,9282,"324,106","33,299",272863,4780,"296,364","18,721"
15-May-21,15804,513,"18,212","1,895",22343,262,"23,814","1,209",5216,107,"5,417",94,69147,727,"79,027","9,153",114243,3743,"126,614","8,628",283524,9322,"324,589","31,743",273203,4793,"297,078","19,082"
16-May-21,15857,514,"18,231","1,860",22398,264,"23,831","1,169",5216,107,"5,418",95,69557,731,"79,123","8,835",114783,3766,"126,787","8,238",285368,9367,"325,662","30,927",275589,4794,"298,078","17,695"
17-May-21,15921,514,"18,258","1,823",22501,267,"23,866","1,098",5220,107,"5,423",96,70000,731,"79,221","8,490",115428,3786,"127,038","7,824",287376,9411,"327,362","30,575",276076,4801,"299,194","18,317"
18-May-21,16012,517,"18,286","1,757",22617,267,"23,931","1,047",5245,107,"5,428",76,70344,733,"79,371","8,294",115742,3804,"127,224","7,678",288809,9500,"328,775","30,466",276742,4824,"299,913","18,347"
19-May-21,16115,519,"18,360","1,726",22747,270,"24,064","1,047",5261,107,"5,439",71,70697,735,"79,552","8,120",116601,3827,"127,609","7,181",290861,9563,"329,913","29,489",277669,4835,"301,247","18,743"
20-May-21,16231,521,"18,469","1,717",22874,270,"24,223","1,079",5281,107,"5,452",64,70999,740,"79,789","8,050",117176,3855,"128,033","7,002",293281,9640,"331,102","28,181",278280,4854,"303,323","20,189"
21-May-21,16314,523,"18,547","1,710",23025,270,"24,318","1,023",5282,107,"5,454",65,71382,741,"80,010","7,887",117773,3875,"128,561","6,913",297179,9704,"332,000","25,117",279188,4869,"304,571","20,514"
22-May-21,16423,526,"18,651","1,702",23145,270,"24,413",998,5285,107,"5,471",79,71716,744,"80,156","7,696",118323,3900,"129,013","6,790",298796,9739,"333,057","24,522",280167,4891,"306,707","21,649"
23-May-21,16543,528,"18,739","1,668",23231,270,"24,517","1,016",5291,107,"5,482",84,71939,745,"80,312","7,628",119241,3924,"129,413","6,248",300439,9768,"333,971","23,764",280997,4909,"308,118","22,212"
24-May-21,16658,532,"18,808","1,618",23347,270,"24,583",966,5291,107,"5,500",102,72142,745,"80,418","7,531",119731,3950,"129,883","6,202",301609,9784,"334,760","23,367",281596,4920,"309,647","23,131"
25-May-21,16751,532,"18,852","1,569",23428,270,"24,638",940,5300,107,"5,512",105,72409,746,"80,529","7,374",119986,3970,"130,187","6,231",302873,9839,"335,577","22,865",282410,4936,"310,557","23,211"
26-May-21,16863,532,"18,940","1,545",23472,271,"24,733",990,5301,107,"5,516",108,72739,748,"80,662","7,175",121033,3990,"130,644","5,621",304752,9875,"336,315","21,688",283683,4942,"311,766","23,141"
27-May-21,16941,535,"19,008","1,532",23501,273,"24,823","1,049",5324,107,"5,533",102,73217,751,"80,779","6,811",121517,4009,"131,027","5,501",306549,9899,"337,073","20,625",284695,4966,"313,059","23,398"
28-May-21,17031,536,"19,060","1,493",23525,273,"24,908","1,110",5326,107,"5,545",112,73743,753,"80,927","6,431",121822,4025,"131,411","5,564",307716,9925,"337,775","20,134",285403,4988,"314,158","23,767"
29-May-21,17091,539,"19,108","1,478",23565,273,"25,001","1,163",5344,107,"5,561",110,74271,755,"81,007","5,981",122181,4043,"131,775","5,551",308275,9960,"338,377","20,142",285975,5003,"315,410","24,432"
30-May-21,17294,540,"19,170","1,336",23595,276,"25,083","1,212",5356,107,"5,572",109,74791,757,"81,116","5,568",122795,4060,"132,170","5,315",308733,9982,"339,073","20,358",286758,5014,"316,752","24,980"
31-May-21,17503,543,"19,232","1,186",23753,277,"25,148","1,118",5358,107,"5,578",113,74964,760,"81,195","5,471",123131,4073,"132,549","5,345",309488,9999,"339,686","20,199",287044,5020,"317,665","25,601"
1-Jun-21,17689,544,"19,250","1,017",23881,280,"25,218","1,057",5362,107,"5,588",119,75642,762,"81,257","4,853",123587,4079,"132,822","5,156",310749,10039,"340,110","19,322",287728,5039,"318,579","25,812"
2-Jun-21,17818,548,"19,287",921,23993,282,"25,295","1,020",5368,107,"5,600",125,76066,763,"81,357","4,528",124050,4095,"133,124","4,979",311988,10084,"340,557","18,485",289402,5051,"319,447","24,994"
3-Jun-21,17903,549,"19,344",892,24078,285,"25,370","1,007",5371,107,"5,608",130,76485,763,"81,446","4,198",124757,4113,"133,450","4,580",313340,10132,"340,989","17,517",290640,5073,"320,488","24,775"
4-Jun-21,18022,550,"19,388",816,24129,287,"25,476","1,060",5399,107,"5,623",117,77062,763,"81,540","3,715",12058,4125,"133,746","117,563",314334,10184,"341,390","16,872",292001,5089,"321,425","24,335"
5-Jun-21,18107,551,"19,456",798,24262,287,"25,589","1,040",5399,107,"5,629",123,77584,763,"81,626","3,279",125357,4135,"134,072","4,580",316166,10241,"341,789","15,382",293510,5105,"322,350","23,735"
6-Jun-21,18209,554,"19,493",730,24303,289,"25,729","1,137",5419,107,"5,633",107,77874,765,"81,700","3,061",125859,4144,"134,321","4,318",317190,10290,"342,192","14,712",294257,5116,"323,072","23,699"
7-Jun-21,18261,554,"19,519",704,24391,289,"25,819","1,139",5421,107,"5,642",114,78040,765,"81,766","2,961",126035,4158,"134,558","4,365",317947,10314,"342,498","14,237",294836,5136,"323,828","23,856"
8-Jun-21,18315,556,"19,538",667,24481,290,"25,893","1,122",5430,107,"5,655",118,78187,766,"81,806","2,853",126242,4164,"134,781","4,375",319288,10349,"342,805","13,168",295504,5144,"324,535","23,887"
9-Jun-21,18382,558,"19,566",626,24551,291,"25,961","1,119",5448,107,"5,664",109,78338,766,"81,871","2,767",126760,4170,"134,928","3,998",319965,10397,"343,031","12,669",296247,5164,"325,110","23,699"
10-Jun-21,18437,559,"19,623",627,24598,291,"26,052","1,163",5473,107,"5,674",94,78478,768,"81,933","2,687",127139,4185,"135,162","3,838",320723,10436,"343,252","12,093",296821,5183,"325,738","23,734"
11-Jun-21,18494,560,"19,675",621,24709,292,"26,084","1,083",5476,108,"5,682",98,78942,769,"82,001","2,290",127464,4194,"135,383","3,725",320912,10457,"343,499","12,130",297546,5196,"326,413","23,671"
12-Jun-21,18579,562,"19,723",582,24788,292,"26,152","1,072",5488,108,"5,698",102,79140,769,"82,065","2,156",127820,4203,"135,569","3,546",321422,10479,"343,703","11,802",298344,5220,"327,021","23,457"
13-Jun-21,18626,563,"19,756",567,24839,294,"26,201","1,068",5503,108,"5,707",96,79349,771,"82,099","1,979",127820,4216,"135,877","3,841",321879,10501,"343,926","11,546",299175,5236,"327,604","23,193"
14-Jun-21,18676,566,"19,783",541,24909,294,"26,232","1,029",5503,108,"5,712",101,79710,772,"82,139","1,657",128242,4224,"136,074","3,608",322254,10516,"344,065","11,295",299446,5243,"328,184","23,495"
15-Jun-21,18722,569,"19,791",500,25019,294,"26,275",962,5512,108,"5,727",107,79853,773,"82,170","1,544",128479,4234,"136,205","3,492",322642,10548,"344,196","11,006",300089,5256,"328,663","23,318"
16-Jun-21,18765,570,"19,822",487,25149,297,"26,331",885,5515,108,"5,734",111,80103,773,"82,207","1,331",128806,4240,"136,313","3,267",323113,10567,"344,379","10,699",300881,5273,"329,279","23,125"
17-Jun-21,18799,571,"19,844",474,25252,297,"26,409",860,5519,108,"5,745",118,80216,773,"82,253","1,264",129134,4247,"136,474","3,093",323478,10586,"344,512","10,448",304697,5292,"329,947","19,958"
18-Jun-21,18850,571,"19,868",447,25372,300,"26,466",794,5546,108,"5,759",105,80289,773,"82,278","1,216",129453,4252,"136,663","2,958",323576,10603,"344,641","10,462",305419,5306,"330,552","19,827"
19-Jun-21,18882,571,"19,893",440,25468,300,"26,529",761,5566,108,"5,771",97,80335,775,"82,313","1,203",129678,4257,"136,819","2,884",323925,10615,"344,799","10,259",305933,5314,"331,094","19,847"
20-Jun-21,18905,571,"19,934",458,25507,301,"26,585",777,5566,108,"5,803",129,80399,775,"82,344","1,170",130345,4262,"136,973","2,366",324530,10633,"344,970","9,807",307067,5327,"331,659","19,265"
21-Jun-21,18936,571,"19,967",460,25579,301,"26,633",753,5569,108,"5,813",136,80463,775,"82,368","1,130",130535,4269,"137,075","2,271",324768,10642,"345,065","9,655",307298,5341,"332,254","19,615"
22-Jun-21,18974,573,"19,979",432,25658,301,"26,673",714,5570,108,"5,827",149,80566,775,"82,394","1,053",130668,4274,"137,147","2,205",325136,10659,"345,141","9,346",307780,5344,"332,677","19,553"
23-Jun-21,19031,574,"20,019",414,25724,303,"26,776",749,5610,111,"5,850",129,80624,775,"82,431","1,032",130898,4280,"137,247","2,069",325234,10672,"345,251","9,345",308569,5358,"333,194","19,267"
24-Jun-21,19068,574,"20,064",422,25770,303,"26,845",772,5627,111,"5,869",131,80658,775,"82,470","1,037",131142,4289,"137,370","1,939",325486,10688,"345,449","9,275",309070,5368,"333,798","19,360"
25-Jun-21,19110,576,"20,121",435,25796,304,"26,893",793,5632,111,"5,908",165,80698,775,"82,502","1,029",131318,4294,"137,484","1,872",325784,70700,"345,546","-50,938",309496,5392,"334,453","19,565"
26-Jun-21,19158,578,"20,173",437,25851,305,"26,932",776,5657,111,"5,950",182,80757,776,"82,528",995,131396,4298,"137,560","1,866",362029,10713,"345,655","-27,087",310096,5407,"335,044","19,541"
27-Jun-21,19796,582,"20,212",-166,25874,307,"27,003",822,5657,111,"5,984",216,80815,776,"82,565",974,131513,4304,"137,628","1,811",326231,10721,"345,796","8,844",311005,5410,"335,555","19,140"
28-Jun-21,19224,582,"20,243",437,25920,307,"27,064",837,5685,111,"6,019",223,80860,776,"82,596",960,131626,4308,"137,759","1,825",326512,10729,"345,900","8,659",311374,5418,"336,076","19,284"
29-Jun-21,19247,582,"20,256",427,25979,307,"27,083",797,5728,111,"6,060",221,80885,776,"82,619",958,131698,4311,"137,831","1,822",326669,10740,"346,036","8,627",311779,5427,"336,507","19,301"
30-Jun-21,19287,582,"20,293",424,26136,308,"27,145",701,5728,111,"6,098",259,80924,777,"82,652",951,132087,4316,"137,951","1,548",326994,10747,"346,180","8,439",312337,5440,"337,052","19,275"
1-Jul-21,19307,583,"20,343",453,26170,309,"27,178",699,5735,111,"6,138",292,80955,779,"82,706",972,132249,4320,"138,068","1,499",327168,10755,"346,301","8,378",312736,5464,"337,674","19,474"
2-Jul-21,19332,583,"20,405",490,26241,309,"27,242",692,5748,111,"6,239",380,80978,779,"82,779","1,022",132333,4324,"138,179","1,522",327422,10761,"346,454","8,271",313376,5478,"338,387","19,533"
3-Jul-21,19366,586,"20,458",506,26297,310,"27,295",688,5763,111,"6,331",457,81014,779,"82,845","1,052",132393,4329,"138,306","1,584",327686,10767,"346,582","8,129",313868,5497,"339,268","19,903"
4-Jul-21,19399,586,"20,505",520,26331,312,"27,387",744,5824,111,"6,394",459,81044,779,"82,916","1,093",132494,4336,"138,421","1,591",327753,10772,"346,728","8,203",314439,5512,"339,962","20,011"
5-Jul-21,19424,588,"20,558",546,26413,312,"27,419",694,5835,111,"6,427",481,81072,780,"82,969","1,117",132618,4340,"138,533","1,575",327976,10776,"346,852","8,100",314596,5520,"340,902","20,786"
6-Jul-21,19462,589,"20,588",537,26517,315,"27,445",613,5843,111,"6,504",550,81123,780,"83,048","1,145",132683,4343,"138,616","1,590",328083,10786,"347,014","8,145",314937,5528,"341,275","20,810"
7-Jul-21,19502,589,"20,641",550,26568,315,"27,502",619,5851,111,"6,574",612,81152,781,"83,155","1,222",132840,4346,"138,727","1,541",328834,10791,"347,180","7,555",315378,5536,"342,228","21,314"
8-Jul-21,19543,590,"20,728",595,26568,315,"27,502",619,6040,111,"6,639",488,81170,781,"83,259","1,308",133004,4346,"138,855","1,505",328401,10798,"347,347","8,148",315883,5552,"343,303","21,868"
9-Jul-21,19590,591,"20,811",630,26664,317,"27,781",800,6099,111,"6,700",490,81210,782,"83,400","1,408",133102,4348,"139,008","1,558",328437,10805,"347,553","8,311",316281,5566,"344,223","22,376"
10-Jul-21,19625,594,"20,935",716,26751,317,"27,863",795,6099,111,"6,769",559,81247,782,"83,513","1,484",133159,4353,"139,162","1,650",328554,10815,"347,793","8,424",316860,5583,"345,269","22,826"
11-Jul-21,19657,594,"21,067",816,26769,317,"27,961",875,6101,111,"6,851",639,81278,783,"83,647","1,586",133220,4359,"139,313","1,734",328767,10819,"348,085","8,499",317411,5599,"346,360","23,350"
12-Jul-21,19700,594,"21,180",886,26834,317,"27,994",843,6189,111,"6,904",604,81324,784,"83,764","1,656",133321,4362,"139,463","1,780",328838,10822,"348,309","8,649",317667,5607,"347,478","24,204"
13-Jul-21,19737,595,"21,256",924,27078,317,"28,321",926,6215,111,"6,972",646,81393,785,"83,831","1,653",133372,4365,"139,593","1,856",328969,10832,"348,509","8,708",317841,5613,"348,385","24,931"
14-Jul-21,19779,595,"21,392","1,018",26948,317,"28,434","1,169",6255,113,"7,044",676,81451,786,"83,956","1,719",133522,4371,"139,710","1,817",329012,10839,"348,725","8,874",318976,5621,"349,586","24,989"
15-Jul-21,19825,596,"21,481","1,060",27032,317,"28,588","1,239",6273,113,"7,163",777,81508,787,"84,083","1,788",133736,4377,"139,960","1,847",329203,10852,"349,111","9,056",318796,5647,"351,006","26,563"
16-Jul-21,19859,597,"21,632","1,176",27082,318,"28,704","1,304",6293,113,"7,210",804,81570,787,"84,266","1,909",133736,4377,"139,960","1,847",329344,10856,"349,475","9,275",319445,5672,"352,472","27,355"
17-Jul-21,19912,598,"21,811","1,301",27153,319,"28,884","1,412",6315,114,"7,288",859,81671,787,"84,399","1,941",133974,4380,"140,293","1,939",329478,10865,"349,890","9,547",319826,5697,"354,103","28,580"
18-Jul-21,19952,601,"21,989","1,436",27190,319,"29,080","1,571",6355,116,"7,362",891,81780,787,"84,563","1,996",134044,4385,"140,560","2,131",329627,10871,"350,259","9,761",320250,5702,"355,462","29,510"
19-Jul-21,19995,601,"22,116","1,520",27261,319,"29,110","1,530",6432,117,"7,414",865,81878,787,"84,722","2,057",134144,4386,"140,818","2,288",329756,10881,"350,618","9,981",320600,5720,"356,929","30,609"
20-Jul-21,20258,602,"22,192","1,332",27340,319,"29,190","1,531",6510,120,"7,510",880,81934,787,"84,842","2,121",134285,4391,"140,962","2,286",329875,10892,"351,000","10,233",321093,5737,"358,176","31,346"
21-Jul-21,20117,605,"22,339","1,617",27412,320,"29,242","1,510",6607,122,"7,535",806,82030,788,"85,028","2,210",134433,4397,"141,138","2,308",330004,10900,"351,345","10,441",321431,5756,"359,824","32,637"
22-Jul-21,20173,606,"22,538","1,759",27500,320,"29,301","1,481",6607,122,"7,551",822,82085,788,"85,179","2,306",134499,4402,"141,288","2,387",330288,10906,"351,592","10,398",321770,5784,"361,160","33,606"
23-Jul-21,20246,608,"22,592","1,738",27631,321,"29,357","1,405",6640,122,"7,607",845,82176,789,"85,230","2,265",134549,4405,"141,359","2,405",330301,10909,"351,707","10,497",321929,5785,"362,182","34,468"
24-Jul-21,20313,609,"22,685","1,763",27692,322,"29,451","1,437",6848,122,"7,639",669,82333,790,"85,351","2,228",134650,4411,"141,495","2,434",330528,10924,"352,153","10,701",322418,5739,"363,101","34,944"
25-Jul-21,20369,610,"22,886","1,907",27730,322,"29,494","1,442",6877,122,"7,702",703,82479,792,"85,519","2,248",134731,4417,"141,627","2,479",330986,10939,"352,682","10,757",322786,5814,"364,784","36,184"
26-Jul-21,20415,610,"23,093","2,068",27875,325,"29,571","1,371",6945,123,"7,747",679,82628,793,"85,780","2,359",134962,4420,"141,925","2,543",331189,10944,"353,238","11,105",323585,5833,"367,092","37,674"
27-Jul-21,20476,614,"23,203","2,113",28029,326,"29,681","1,326",6962,124,"7,798",712,82721,796,"85,947","2,430",135106,4423,"142,139","2,610",331222,10964,"353,695","11,509",324206,5840,"369,245","39,199"
28-Jul-21,20561,618,"23,370","2,191",28119,326,"29,861","1,416",7009,127,"7,896",760,82848,796,"86,226","2,582",135606,4428,"142,400","2,366",331433,10978,"354,312","11,901",330166,5860,"371,762","35,736"
29-Jul-21,20656,620,"23,631","2,355",28463,326,"30,019","1,230",7016,133,"7,935",786,82992,797,"86,602","2,813",135687,4435,"142,799","2,677",331704,10995,"354,904","12,205",330836,5903,"374,434","37,695"
30-Jul-21,20739,622,"23,819","2,458",28693,327,"30,162","1,142",7063,137,"8,008",808,83115,799,"86,945","3,031",135846,4444,"143,213","2,923",332078,11019,"355,483","12,386",331309,5947,"377,231","39,975"
31-Jul-21,20840,622,"24,145","2,683",28811,328,"30,289","1,150",7118,141,"8,096",837,83234,801,"87,304","3,269",135930,4456,"143,673","3,287",332429,11041,"356,211","12,741",331802,5971,"380,093","42,320"
1-Aug-21,20958,625,"24,501","2,918",28872,328,"30,432","1,232",7151,144,"8,156",861,83332,803,"87,699","3,564",136107,4462,"144,264","3,695",332830,11059,"356,920","13,031",332409,6001,"382,865","44,455"
2-Aug-21,21105,628,"24,891","3,158",28975,328,"30,502","1,199",7252,147,"8,212",813,83443,803,"88,093","3,847",136270,4468,"144,848","4,110",333198,11067,"357,735","13,470",332777,6021,"385,414","46,616"
3-Aug-21,21263,633,"25,034","3,138",29022,328,"30,627","1,277",7252,147,"8,212",813,83567,804,"88,344","3,973",136477,4477,"145,306","4,352",333529,11083,"358,387","13,775",333201,6057,"387,261","48,003"
4-Aug-21,21425,634,"25,301","3,242",29065,328,"30,749","1,356",7366,147,"8,391",878,83766,806,"88,676","4,104",136675,4487,"145,862","4,700",333882,11104,"359,321","14,335",333650,6069,"389,699","49,980"
5-Aug-21,21605,636,"25,778","3,537",29074,329,"30,880","1,477",7467,148,"8,473",858,83918,807,"89,117","4,392",136868,4495,"146,485","5,122",334305,11122,"360,494","15,067",339379,6089,"392,433","46,965"
6-Aug-21,21791,639,"26,086","3,656",29193,330,"30,967","1,444",7575,150,"8,551",826,84143,809,"89,569","4,617",137039,4507,"147,026","5,480",334599,11141,"361,458","15,718",340371,6126,"394,748","48,251"
7-Aug-21,21908,641,"26,421","3,872",29310,331,"31,069","1,428",7622,150,"8,615",843,84519,811,"90,093","4,763",137290,4524,"147,452","5,638",334807,11172,"362,557","16,578",344035,6168,"396,918","46,715"
8-Aug-21,22061,645,"26,874","4,168",29351,331,"31,138","1,456","7,656",152,"8,703",895,84886,814,"90,503","4,803",137575,4540,"147,973","5,858",335079,11194,"363,644","17,371",345031,6189,"398,745","47,525"
9-Aug-21,22323,646,"27,288","4,319",29442,331,"31,177","1,404",7731,153,"8,796",912,85056,816,"90,660","4,788",137906,4556,"148,619","6,157",335530,11201,"364,680","17,949",346416,6215,"400,400","47,769"
10-Aug-21,22488,650,"27,507","4,369",29712,332,"31,234","1,190",7845,157,"8,876",874,85365,821,"91,217","5,031",138126,4570,"149,056","6,360",336078,11239,"365,824","18,507",347459,6235,"401,790","48,096"
11-Aug-21,22651,654,"27,899","4,594",29890,332,"31,298","1,076",7885,158,"8,941",898,85697,822,"91,672","5,153",138780,4588,"149,532","6,164",336687,11256,"367,054","19,111",349608,6275,"403,964","48,081"
12-Aug-21,22819,658,"28,347","4,870",30045,332,"31,341",964,7925,161,"9,043",957,86013,824,"92,233","5,396",139213,4604,"150,026","6,209",337296,11292,"368,195","19,607",351579,6316,"406,109","48,214"
14-Aug-21,23300,662,"28,982","5,020",30259,332,"31,507",916,8077,162,"9,228",989,86623,830,"93,339","5,886",140296,4640,"151,466","6,530",338671,11329,"370,599","20,599",356528,6384,"409,578","46,666"
15-Aug-21,23483,664,"29,187","5,040",30321,334,"31,556",901,8186,163,"9,316",967,87039,831,93783,"5,913",140750,4564,"152,197","6,883",339381,11347,"371,605","20,877",357635,6413,"410,766","46,718"
16-Aug-21,23700,666,"29,452","5,086",30431,335,"31,583",817,8216,164,"9,396","1,016",87453,834,"94,108","5,821",141041,4668,"152,625","6,916",340112,11372,"372,750","21,266",358060,6439,"412,165","47,666"
17-Aug-21,23955,669,"29,593","4,969",30535,335,"31,632",762,8322,166,"9,442",954,87875,837,"94,402","5,690",141379,4679,"153,134","7,076",340769,11412,"373,718","21,537",360469,6475,"413,379","46,435"
18-Aug-21,24240,672,"29,790","4,878",30631,335,"31,686",720,8403,168,"9,482",911,88338,837,"94,714","5,539",142134,4696,"153,836","7,006",341415,11434,"374,916","22,067",361265,6497,"414,850","47,088"
19-Aug-21,24569,672,"30,111","4,870",30733,335,"31,726",658,8465,169,"9,526",892,88700,839,"95,196","5,657",142876,4714,"154,606","7,016",342172,11455,"376,252","22,625",361888,6529,"416,230","47,813"
20-Aug-21,24837,672,"30,314","4,805",30806,335,"31,755",614,8465,169,"9,526",892,89062,842,"95,491","5,587",143176,4730,"155,153","7,247",342935,11479,"377,208","22,794",363149,6556,"417,439","47,734"
21-Aug-21,25192,675,"30,423","4,556",30873,335,"31,781",573,8665,169,"9,579",745,89475,848,"95,709","5,386",143573,4750,"155,712","7,389",343845,11505,"378,288","22,938",364455,6566,"418,478","47,457"
22-Aug-21,25502,678,"30,597","4,417",30887,335,"31,819",597,8746,170,"9,617",701,89703,851,"96,030","5,476",144132,4772,"156,365","7,461",344850,11527,"379,574","23,197",365735,6590,"419,810","47,485"
23-Aug-21,25881,680,"30,746","4,185",30988,335,"31,845",522,8828,170,"9,656",658,89935,852,"96,390","5,603",144693,4797,"157,148","7,658",345862,11557,"380,844","23,425",366475,6612,"420,955","47,868"
24-Aug-21,26277,685,"30,865","3,903",31046,336,"31,865",483,8894,170,"9,687",623,90234,852,"96,771","5,685",145144,4819,"157,721","7,758",346683,11605,"382,332","24,044",367241,6627,"422,418","48,550"
25-Aug-21,26562,686,"31,087","3,839",31084,338,"31,928",506,9067,171,"9,739",501,90495,855,"96,980","5,630",145804,4839,"158,243","7,600",347698,11633,"383,742","24,411",368724,6713,"424,139","48,702"
26-Aug-21,26843,688,"31,294","3,763",31173,338,"32,014",503,9105,171,"9,769",493,90729,856,"97,542","5,957",146629,4859,"158,964","7,476",348729,11666,"385,258","24,863",369639,6742,"425,570","49,189"
27-Aug-21,27213,689,"31,478","3,576",31173,338,"32,014",503,9142,172,"9,795",481,91203,860,"97,956","5,893",147052,4884,"159,483","7,547",350028,11706,"386,578","24,844",370271,6766,"427,037","50,000"
28-Aug-21,27554,693,"31,649","3,402",31237,338,"32,111",536,9246,172,"9,835",417,91448,861,"98,339","6,030",147317,4909,"160,088","7,862",351329,11759,"388,296","25,208",371799,6803,"428,254","49,652"
29-Aug-21,27950,694,"31,861","3,217",31259,338,"32,157",560,9259,173,"9,855",423,91995,861,"98,739","5,883",147852,4927,"160,759","7,980",352331,11799,"389,688","25,558",372727,6812,"429,422","49,883"
30-Aug-21,28267,695,"31,861","2,899",31333,338,"32,200",529,9282,173,"9,870",415,92245,863,"98,951","5,843",148541,4944,"161,381","7,896",354271,11823,"391,297","25,203",372982,6834,"430,594","50,778"
31-Aug-21,28418,697,"32,095","2,980",31414,338,"32,230",478,9300,173,9906,433,92422,866,"99,263","5,975",148978,4963,"161,853","7,912",355456,11876,"393,136","25,804",373770,6875,"431,636","50,991"
1-Sep-21,28672,698,"32,228","2,858",31428,339,"32,248",481,9390,173,"9,919",356,92605,866,"99,516","6,045",149670,4988,"162,402","7,744",357121,11915,"394,738","25,702",375012,6910,"432,637","50,715"
2-Sep-21,28956,702,"32,380","2,722",31434,339,"32,282",509,9402,173,"9,952",377,92860,866,"99,910","6,184",150234,5015,"163,010","7,761",360056,11959,"396,326","24,311",375930,6924,"433,931","51,077"
3-Sep-21,29204,702,"32,484","2,578",31495,339,"32,329",495,9444,174,"9,993",375,93200,868,"100,242","6,174",150694,5041,"163,677","7,942",361071,11979,"397,694","24,644",380359,6932,"435,159","47,868"
4-Sep-21,29456,703,"32,614","2,455",31528,340,"32,341",473,9444,175,"10,016",397,93425,870,"100,492","6,197",150961,5069,"164,162","8,132",362066,12013,"399,635","25,556",381061,6944,"436,298","48,293"
5-Sep-21,29655,706,"32,718","2,357",31540,340,"32,374",494,9469,175,"10,039",395,93622,873,"100,758","6,263",151406,5087,"164,732","8,239",363541,12039,"401,373","25,793",381648,6955,"437,311","48,708"
6-Sep-21,29826,708,"32,824","2,290",31617,340,"32,403",446,9519,177,"10,051",355,93835,874,"100,956","6,247",152098,5107,"165,200","7,995",364776,12066,"403,157","26,315",382648,6960,"438,327","48,719"
7-Sep-21,29959,712,"32,873","2,202",31665,342,"32,411",404,9545,178,"10,065",342,94133,877,"101,249","6,239",152401,5130,"165,512","7,981",366431,12096,"405,005","26,478",383455,6995,"439,119","48,669"
8-Sep-21,30126,712,"32,942","2,104",31729,342,"32,456",385,9582,179,"10,084",323,94814,877,"101,550","5,859",153204,5155,"165,980","7,621",368152,12118,"406,960","26,690",384369,7030,"440,164","48,765"
9-Sep-21,30281,714,"33,037","2,042",31773,342,"32,480",365,9590,179,"10,109",340,95503,879,"101,840","5,458",153619,5175,"166,564","7,770",369851,12135,"408,758","26,772",385495,7073,"441,410","48,842"
10-Sep-21,30424,715,"33,131","1,992",31826,342,"32,517",349,9620,179,"10,127",328,96037,884,"102,094","5,173",153933,5200,"167,154","8,021",371661,12171,"410,463","26,631",386366,7089,"442,401","48,946"
11-Sep-21,30644,716,"33,210","1,850",31858,342,"32,549",349,9668,179,"10,150",303,96669,886,"102,347","4,792",154454,5225,"167,782","8,103",372697,12198,"411,808","26,913",386998,7116,"443,521","49,407"
12-Sep-21,30877,718,"33,268","1,673",31877,342,"32,569",350,9681,179,"10,162",302,97183,887,"102,617","4,547",155040,5250,"168,258","7,968",374502,12211,"413,182","26,469",387625,7133,"444,464","49,706"
13-Sep-21,31038,721,"33,379","1,620",31913,342,"32,591",336,9685,181,"10,168",302,97758,889,"102,863","4,216",155408,5270,"168,748","8,070",375878,12225,"414,390","26,287",388496,7159,"445,369","49,714"
14-Sep-21,31164,724,"33,432","1,544",31954,344,"32,618",320,9684,182,"10,168",302,98388,889,"103,125","3,848",155751,5290,"169,040","7,999",377082,12259,"415,654","26,313",393393,7177,"446,045","45,475"
15-Sep-21,31343,727,"33,490","1,420",31985,344,"32,658",329,9747,182,"10,198",269,98789,892,"103,293","3,612",156532,5310,"169,429","7,587",379916,12291,"416,901","24,694",400027,7192,"446,840","39,621"
16-Sep-21,31501,727,"33,551","1,323",32003,344,"32,671",324,9791,182,"10,204",231,99317,893,"103,549","3,339",157159,5329,"169,972","7,484",381942,12319,"418,196","23,935",400523,7210,"447,678","39,945"
17-Sep-21,31662,728,"33,628","1,238",32048,344,"32,707",315,9819,182,"10,222",221,99792,895,"103,720","3,033",157778,5354,"170,391","7,259",383536,12345,"419,423","23,542",411317,7224,"448,658","30,117"
18-Sep-21,31783,728,"33,682","1,171",32071,344,"32,722",307,9827,182,"10,232",223,99989,899,"103,923","3,035",158240,5374,"170,738","7,124",385108,12365,"420,615","23,142",412544,7243,"449,349","29,562"
19-Sep-21,31906,729,"33,732","1,097",32082,344,"32,757",331,9841,182,"10,240",217,100280,902,"104,114","2,932",158513,5395,"171,072","7,164",386645,12396,"421,800","22,759",413459,7258,"450,126","29,409"
20-Sep-21,32016,729,"33,787","1,042",32096,344,"32,769",329,9859,182,"10,245",204,100511,902,"104,242","2,829",158901,5412,"171,388","7,075",387899,12407,"422,790","22,484",413756,7270,"450,787","29,761"
21-Sep-21,32104,733,"33,821",984,32167,344,"32,772",261,9873,182,"10,257",202,100788,904,"104,348","2,656",159194,5426,"171,589","6,969",389260,12449,"423,670","21,961",414270,7289,"451,448","29,889"
22-Sep-21,32187,733,"33,864",944,32191,345,"32,796",260,9892,182,"10,264",190,100940,905,"104,472","2,627",159865,5444,"171,874","6,565",390863,12470,"424,701","21,368",414979,7295,"452,267","29,993"
23-Sep-21,32269,734,"33,923",920,32218,345,"32,812",249,9901,183,"10,277",193,101199,907,"104,619","2,513",160504,5463,"172,210","6,243",392387,12490,"425,703","20,826",415127,7310,"453,051","30,614"
24-Sep-21,32323,734,"33,955",898,32235,345,"32,828",248,9906,184,"10,286",196,101360,909,"104,764","2,495",161318,5480,"172,498","5,700",393786,12514,"426,639","20,339",415466,7316,"453,858","31,076"
25-Sep-21,32396,734,"33,990",860,32261,346,"32,837",230,9912,184,"10,289",193,101491,910,104913,"2,512",161528,5488,"172,766","5,750",394923,12535,"427,583","20,125",424811,7327,"454,510","22,372"
26-Sep-21,32479,735,"34,020",806,32275,346,"32,849",228,9912,184,"10,296",200,101813,915,105021,"2,293",162223,5498,"173,023","5,302",396090,12553,"428,394","19,751",425620,7335,"455,065","22,110"
27-Sep-21,32553,735,"34,046",758,32313,346,"32,861",202,9914,184,"10,299",201,101919,916,"105,120","2,285",162528,5507,"173,210","5,175",397009,12559,"429,081","19,513",425941,7350,"455,808","22,517"
28-Sep-21,32606,737,"34,074",731,32345,348,"32,875",182,9931,184,"10,308",193,102019,919,"105,217","2,279",162810,5514,"173,353","5,029",398215,12575,"429,655","18,865",426293,7361,"456,343","22,689"
29-Sep-21,32698,737,"34,101",666,32368,348,"32,888",172,9931,184,"10,311",196,102104,922,"105,287","2,261",163109,5525,"173,548","4,914",399372,12595,"430,353","18,386",427607,7379,"456,897","21,911"
30-Sep-21,32754,738,"34,127",635,32394,348,"32,916",174,9931,184,"10,321",206,102206,923,"105,417","2,288",163690,5537,"173,796","4,569",400506,12617,"431,092","17,969",428085,7382,"457,458","21,991"
1-Oct-21,32813,738,"34,157",606,32408,348,"32,926",170,9931,184,"10,328",213,102293,924,"105,516","2,299",163908,5547,"174,017","4,562",401521,12637,"431,666","17,508",427716,7407,"457,928","22,805"
2-Oct-21,32866,738,"34,193",589,32435,349,"32,943",159,9952,184,"10,329",193,102380,926,"105,590","2,284",164290,5559,"174,260","4,411",402637,12661,"432,190","16,892",428877,7414,"458,697","22,406"
3-Oct-21,32919,738,"34,216",559,32443,349,"32,956",164,9964,184,"10,331",183,102458,927,"105,664","2,279",164605,5571,"174,490","4,314",403563,12672,"432,809","16,574",429537,7425,"459,392","22,430"
4-Oct-21,32970,738,"34,234",526,32454,349,"32,981",178,9986,186,"10,332",160,102533,928,"105,733","2,272",164765,5580,"174,671","4,326",404553,12685,"433,286","16,048",429988,7427,"460,111","22,696"
5-Oct-21,33047,738,"34,253",468,32482,349,"32,992",161,10002,186,"10,334",146,102604,929,"105,801","2,268",164956,5593,"174,841","4,292",405287,12710,"433,687","15,690",430505,7442,"460,748","22,801"
6-Oct-21,33110,738,"34,278",430,32495,349,"33,004",160,10018,186,"10,338",134,102746,930,"105,839","2,163",165426,5608,"175,012","3,978",406169,12724,"434,139","15,246",431090,7451,"461,258","22,717"
7-Oct-21,33167,739,"34,299",393,32512,349,"33,026",165,10019,186,"10,338",133,102870,930,"105,930","2,130",165645,5613,"175,212","3,954",407113,12744,"434,647","14,790",431568,7471,"461,869","22,830"
8-Oct-21,33208,739,"34,316",369,32524,349,"33,040",167,10028,186,"10,341",127,102948,930,"105,983","2,105",165865,5623,"175,358","3,870",407880,12757,"435,040","14,403",432074,7474,"462,155","22,607"
9-Oct-21,33246,739,"34,326",341,32532,349,"33,069",188,10035,186,"10,344",123,103004,931,"106,058","2,123",166236,5632,"175,584","3,716",408622,12770,"435,512","14,120",432074,7480,"462,295","22,741"
10-Oct-21,33276,739,"34,339",324,32534,350,"33,072",188,10035,186,"10,348",127,103105,931,"106,113","2,077",166431,5636,"175,735","3,668",409143,12780,"435,882","13,959",432784,7484,"462,466","22,198"
11-Oct-21,33300,739,"34,350",311,32549,350,"33,076",177,10042,186,"10,350",122,103210,932,"106,153","2,011",166605,5645,"175,974","3,724",409799,12785,"436,197","13,613",433057,7497,"462,859","22,305"
12-Oct-21,33333,739,"34,354",282,32566,350,"33,083",167,10082,186,"10,353",85,103284,933,"106,201","1,984",166728,5650,"176,048","3,670",410266,12792,"436,442","13,384",433483,7502,"463,167","22,182"
13-Oct-21,33362,740,"34,360",258,32583,350,"33,092",159,10102,186,"10,359",71,103520,935,"106,241","1,786",167028,5657,"176,194","3,509",410924,12800,"436,720","12,996",433906,7505,"463,703","22,292"
14-Oct-21,33395,740,"34,372",237,32597,352,"33,100",151,10104,186,"10,361",71,103632,935,"106,312","1,745",167314,5666,"176,366","3,386",411886,12808,"437,032","12,338",434247,7514,"464,142","22,381"
15-Oct-21,33426,740,"34,380",214,32608,352,"33,108",148,10104,186,"10,363",73,103761,936,"106,357","1,660",167468,5673,"176,501","3,360",412162,12821,"437,316","12,333",435061,7520,"464,746","22,165"
16-Oct-21,33451,740,"34,385",194,32633,352,"33,114",129,10107,186,"10,366",73,103828,937,"106,402","1,637",167668,5679,"176,650","3,303",414813,12833,"437,572","9,926",445938,7525,"465,175","11,712"
17-Oct-21,33469,740,"34,397",188,32639,352,"33,120",129,10107,186,"10,369",76,104317,937,"106,445","1,191",167893,5683,"176,774","3,198",415269,12842,"437,793","9,682",446184,7529,"465,486","11,773"
18-Oct-21,33483,740,"34,402",179,32647,352,"33,128",129,10108,186,"10,369",75,104526,937,"106,469","1,006",168087,5686,"176,886","3,113",415646,12849,"437,974","9,479",446400,7530,"465,819","11,889"
19-Oct-21,33514,740,"34,406",152,32678,354,"33,133",101,10110,186,"10,370",74,104678,937,"106,504",889,168185,5689,"176,950","3,076",416010,12861,"438,133","9,262",446535,7533,"466,154","12,086"
20-Oct-21,33546,740,"34,412",126,32692,354,"33,138",92,10114,186,"10,370",70,104807,937,"106,543",799,168411,5693,"177,038","2,934",416399,12868,"438,271","9,004",446718,7534,"466,432","12,180"
21-Oct-21,33569,740,"34,417",108,32709,354,"33,149",86,10114,186,"10,374",74,105154,938,"106,571",479,168511,5698,"177,132","2,923",416911,12876,"438,433","8,646",446831,7536,"466,750","12,383"
22-Oct-21,33580,740,"34,422",102,32712,354,"33,159",93,10114,186,"10,376",76,105297,938,"106,615",380,168751,5704,"177,240","2,785",417275,12883,"438,636","8,478",447034,7539,"466,945","12,372"
23-Oct-21,33594,740,"34,428",94,32717,354,"33,171",100,10120,186,"10,382",76,105239,938,"106,655",478,168895,5710,"177,349","2,744",417684,12891,"438,818","8,243",447256,7540,"467,142","12,346"
24-Oct-21,33606,740,"34,435",89,32727,355,"33,185",103,10124,186,"10,383",73,105302,938,"106,679",439,169051,5715,"177,440","2,674",418000,12895,"438,989","8,094",447432,7548,"467,425","12,445"
25-Oct-21,33613,740,"34,441",88,32740,355,"33,196",101,10124,186,"10,383",73,105374,938,"106,710",398,169190,5720,"177,519","2,609",418257,12896,"439,171","8,018",447615,7551,"467,814","12,648"
26-Oct-21,33619,740,"34,443",84,32748,355,"33,204",101,10147,186,"10,386",53,105444,938,"106,749",367,169278,5724,"177,553","2,551",418234,12898,"439,307","8,175",447748,7551,"468,164","12,865"
27-Oct-21,33626,740,"34,450",84,32756,355,"33,211",100,10147,186,"10,387",54,105489,938,"106,777",350,169466,5729,"177,646","2,451",418470,12903,"439,450","8,077",447981,7555,"468,401","12,865"
28-Oct-21,33632,740,"34,455",83,32765,356,"33,220",99,10147,186,"10,387",54,105518,938,"106,813",357,169649,5733,"177,723","2,341",418766,12904,"439,653","7,983",448697,7557,"468,776","12,522"
29-Oct-21,33640,740,"34,461",81,32775,356,"33,228",97,10151,186,"10,389",52,105578,939,"106,835",318,169953,5738,"177,807","2,116",419007,12909,"439,845","7,929",449001,7563,"469,122","12,558"
30-Oct-21,33650,740,"34,470",80,32782,356,"33,244",106,10151,186,"10,390",53,105610,939,"106,874",325,170185,5740,"177,889","1,964",419255,12915,"440,003","7,833",449308,7563,"469,475","12,604"
31-Oct-21,33662,740,"34,477",75,32787,356,"33,248",105,10151,186,"10,390",53,105637,940,"106,896",319,170436,5745,"177,968","1,787",419463,12915,"440,139","7,761",449399,7567,"469,960","12,994"
1-Nov-21,33673,740,"34,478",65,32793,356,"33,263",114,10151,186,"10,390",53,105677,940,"106,921",304,170720,5748,"178,074","1,606",419602,12918,"440,259","7,739",449943,7568,"470,175","12,664"
2-Nov-21,33682,740,"34,481",59,32795,356,"33,267",116,10152,186,"10,390",52,105728,940,"106,945",277,170802,5751,"178,135","1,582",419797,12924,"440,378","7,657",450031,7569,"470,421","12,821"
3-Nov-21,33690,741,"34,487",56,32811,356,"33,274",107,10164,186,"10,391",41,105747,940,"106,990",303,170973,5754,"178,204","1,477",419952,12929,"440,542","7,661",450194,7571,"470,690","12,925"
4-Nov-21,33695,741,"34,489",53,32817,356,"33,280",107,10174,186,"10,392",32,105768,941,"107,022",313,171069,5757,"178,319","1,493",420076,12936,"440,678","7,666",450486,7579,"470,978","12,913"
5-Nov-21,33698,741,"34,491",52,32830,356,"33,307",121,10176,186,"10,392",30,105815,943,"107,063",305,171219,5761,"178,427","1,447",419980,12940,"440,788","7,868",450707,7580,"471,205","12,918"
6-Nov-21,33701,741,"34,492",50,32845,357,"33,325",123,10176,186,"10,393",31,105851,944,"107,103",308,171265,5765,"178,512","1,482",420171,12943,"440,918","7,804",450861,7582,"471,497","13,054"
7-Nov-21,33703,741,"34,493",49,32848,357,"33,332",127,10176,186,"10,394",32,105872,944,"107,131",315,171371,5769,"178,577","1,437",420316,12946,"441,051","7,789",451077,7595,"471,733","13,061"
8-Nov-21,33705,741,"34,495",49,32858,357,"33,338",123,10176,186,"10,394",32,105894,944,"107,151",313,171457,5774,"178,643","1,412",420463,12949,"441,176","7,764",451327,7596,"471,963","13,040"
9-Nov-21,33706,741,"34,495",48,32868,358,"33,345",119,10189,186,"10,394",19,105912,947,"107,169",310,171487,5774,"178,687","1,426",420603,12954,"441,257","7,700",451392,7598,"472,213","13,223"
10-Nov-21,33709,741,"34,495",45,32876,358,"33,356",122,10195,186,"10,395",14,105933,947,"107,198",318,171592,5778,"178,773","1,403",420744,12957,"441,378","7,677",451541,7599,"472,519","13,379"
11-Nov-21,33713,741,"34,498",44,32897,358,"33,368",113,10195,186,"10,398",17,105953,947,"107,223",323,171695,5782,"178,846","1,369",420865,12962,"441,493","7,666",451588,7599,"472,925","13,738"
12-Nov-21,33716,741,"34,501",44,32900,358,"33,383",125,10195,186,"10,400",19,105983,947,"107,249",319,171733,5786,"178,926","1,407",421058,12967,"441,631","7,606",451643,7599,"473,052","13,810"
13-Nov-21,33720,741,"34,506",45,32909,358,"33,391",124,10195,186,"10,400",19,106010,948,"107,275",317,171801,5790,"179,000","1,409",421242,12972,"441,720","7,506",451811,7600,"473,081","13,670"
14-Nov-21,33724,741,"34,510",45,32919,358,"33,397",120,10195,186,"10,401",20,106037,948,107313,328,171846,5793,"179,066","1,427",421432,12977,"441,800","7,391",452022,7603,"473,149","13,524"
15-Nov-21,33727,741,"34,512",44,32924,358,"33,400",118,10195,186,"10,401",20,106065,948,"107,339",326,171904,5798,"179,122","1,420",421559,12978,"441,903","7,366",452099,7603,"473,199","13,497"
16-Nov-21,33730,741,"34,514",43,32941,358,"33,408",109,10195,186,"10,401",20,106092,948,"107,364",324,171966,5801,"179,190","1,423",421685,12980,"441,965","7,300",452239,7604,"473,250","13,407"
17-Nov-21,33734,741,"34,517",42,32966,358,"33,422",98,10198,186,"10,403",19,106112,949,"107,383",322,172083,5805,"179,276","1,388",421795,12984,"442,068","7,289",452489,7605,"473,293","13,199"
18-Nov-21,33739,741,"34,521",41,32974,358,"33,422",90,10198,186,"10,404",20,106138,949,"107,406",319,172164,5809,"179,346","1,373",421952,12986,"442,162","7,224",452518,7609,"473,561","13,434"
19-Nov-21,33747,741,"34,527",39,32981,358,"33,425",86,10198,186,"10,405",21,106161,950,"107,427",316,172309,5812,"179,421","1,300",422077,12990,"442,268","7,201",452621,7611,"473,767","13,535"
20-Nov-21,33750,741,"34,530",39,32990,358,"33,432",84,10198,186,"10,406",22,106192,951,"107,447",304,172359,5814,"179,473","1,300",422186,12994,"442,353","7,173",452750,7611,"473,918","13,557"
21-Nov-21,33752,741,"34,532",39,32993,358,"33,434",83,10198,186,"10,406",22,106211,952,"107,467",304,172440,5814,"179,553","1,299",422294,12997,"442,422","7,131",452846,7611,"474,058","13,601"
22-Nov-21,33754,741,"34,536",41,33004,358,"33,444",82,10198,186,"10,406",22,106233,952,"107,483",298,172509,5816,"179,604","1,279",422413,13002,"442,479","7,064",452859,7611,"474,243","13,773"
23-Nov-21,33757,741,"34,536",38,33015,358,"33,453",80,10199,186,"10,408",23,106255,952,"107,506",299,172561,5818,"179,644","1,265",423290,13002,"442,556","6,264",459903,7611,"474,407","6,893"
24-Nov-21,33759,745,"34,538",34,33025,358,"33,456",73,10211,186,"10,410",13,106290,952,"107,525",283,172947,5821,"179,720",952,423946,13005,"442,638","5,687",459962,7613,"474,573","6,998"
25-Nov-21,33763,742,"34,540",35,33031,359,"33,458",68,10211,186,"10,411",14,106319,952,"107,554",283,172947,5825,"179,774","1,002",424604,13007,"442,714","5,103",460120,7619,"474,772","7,033"
26-Nov-21,33765,742,"34,540",33,33036,359,"33,467",72,10211,186,"10,411",14,106352,952,"107,580",276,173123,5829,"179,855",903,424666,13010,"442,804","5,128",460136,7619,"474,818","7,063"
27-Nov-21,33768,742,"34,542",32,33043,359,"33,471",69,10211,186,"10,411",14,106380,952,"107,601",269,173281,5830,"179,888",777,424728,13015,"442,876","5,133",460178,7620,"475,097","7,299"
28-Nov-21,33772,742,"34,547",33,33049,359,"33,479",71,10211,186,"10,411",14,106405,952,"107,626",269,173328,5833,"179,928",767,424807,13016,"442,950","5,127",460189,7621,"475,248","7,438"
29-Nov-21,33777,742,"34,554",35,33063,359,"33,479",57,10213,186,"10,411",12,106434,953,"107,661",274,173372,5838,"179,961",751,424832,13019,"443,014","5,163",460218,7621,"475,285","7,446"
30-Nov-21,33780,742,"34,556",34,33066,360,"33,479",53,10219,186,"10,411",6,106463,954,"107,689",272,173463,5842,"179,995",690,424888,13023,"443,094","5,183",460357,7621,"475,616","7,638"
1-Dec-21,33783,742,"34,556",31,33071,360,"33,484",53,10219,186,"10,412",7,106488,955,"107,722",279,173495,5846,"180,075",734,424941,13027,"443,185","5,217",460127,7621,"475,820","8,072"
2-Dec-21,33787,742,"34,563",34,33075,360,"33,488",53,10219,186,"10,412",7,106517,956,"107,765",292,173574,5851,"180,146",721,425084,13028,"443,240","5,128",460462,7622,"476,017","7,933"
3-Dec-21,33792,742,"34,570",36,33077,360,"33,491",54,10219,186,"10,413",8,106545,957,"107,811",309,173639,5855,"180,194",700,425225,13031,"443,310","5,054",462658,7622,"476,233","5,953"
4-Dec-21,33796,742,"34,574",36,33090,360,"33,491",41,10224,186,"10,413",3,106563,958,"107,848",327,173684,5858,"180,254",712,425312,13035,"443,379","5,032",462675,7622,"476,494","6,197"
5-Dec-21,33799,742,"34,576",35,33093,360,"33,506",53,10224,186,"10,413",3,106585,958,"107,887",344,173739,5858,"180,316",719,425395,13037,"443,453","5,021",462771,7626,"476,674","6,277"
6-Dec-21,33801,742,"34,579",36,33099,360,"33,507",48,10224,186,"10,413",3,106607,960,"107,930",363,173778,5862,"180,383",743,426144,13041,"443,519","4,334",462811,7626,"476,830","6,393"
7-Dec-21,33803,742,"34,580",35,33103,362,"33,509",44,10224,186,"10,414",4,106632,961,"107,960",367,173830,5864,"180,412",718,426368,13042,"443,560","4,150",462823,7627,"476,958","6,508"
8-Dec-21,33807,742,"34,586",37,33108,362,"33,514",44,10224,186,"10,414",4,106656,961,"107,989",372,173891,5868,"180,471",712,426402,13044,"443,610","4,164",462978,7630,"477,119","6,511"
9-Dec-21,33810,743,"34,595",42,33112,362,"33,519",45,10224,186,"10,422",12,106696,962,"108,022",364,173919,5874,"180,514",721,426526,13046,"443,682","4,110",465134,7630,"477,299","4,535"
10-Dec-21,33814,743,"34,600",43,33117,363,"33,522",42,10224,186,"10,425",15,106725,962,"108,042",355,173952,5879,"180,564",733,426985,13048,"443,747","3,714",465252,7631,"477,466","4,583"
11-Dec-21,33818,743,"34,601",40,33125,363,"33,528",40,10224,186,"10,425",15,106749,962,"108,081",370,173997,5885,"180,611",729,427248,10050,"443,794","6,496",465266,7634,"477,721","4,821"
12-Dec-21,33821,743,"34,606",42,33125,363,"33,531",43,10224,186,"10,426",16,106786,962,"108,117",369,174061,5889,"180,661",711,427450,13051,"443,839","3,338",465634,7636,"477,869","4,599"
13-Dec-21,33823,743,"34,608",42,33127,363,"33,532",42,10224,186,"10,426",16,106820,962,"108,128",346,174099,5892,"180,696",705,427633,13052,"443,886","3,201",465683,7638,"478,017","4,696"
14-Dec-21,33827,743,"34,615",45,33131,363,"33,536",42,10224,186,"10,426",16,106854,963,"108,146",329,174126,5894,"180,710",690,427734,13052,"443,937","3,151",465688,7638,"478,173","4,847"
15-Dec-21,33829,743,"34,618",46,33133,363,"33,539",43,10225,186,"10,427",16,106898,963,"108,172",311,174164,5896,"180,760",700,427789,13052,"443,985","3,144",465740,7640,"478,412","5,032"
16-Dec-21,33832,744,"34,627",51,33136,363,"33,540",41,10229,186,"10,428",13,106924,963,"108,198",311,174217,5900,"180,825",708,427811,13053,"444,032","3,168",465765,7640,"478,564","5,159"
17-Dec-21,33835,745,"34,630",50,33139,363,"33,540",38,10229,186,"10,428",13,106949,963,"108,215",303,174314,5903,"180,887",670,427851,13055,"444,074","3,168",465840,7648,"478,717","5,229"
18-Dec-21,33839,745,"34,633",49,33143,363,"33,548",42,10229,186,"10,428",13,106973,963,"108,240",304,174334,5907,"180,938",697,428014,13057,"444,119","3,048",465863,7649,"478,942","5,430"
19-Dec-21,33842,745,"34,640",53,33146,363,"33,551",42,10229,186,"10,428",13,106997,964,"108,259",298,174386,5907,"180,976",683,428181,13058,"444,164","2,925",465866,7649,"479,090","5,575"
20-Dec-21,33845,745,"34,642",52,33148,363,"33,558",47,10229,186,"10,429",14,107022,964,"108,285",299,174402,5909,"181,011",700,428422,13059,"444,216","2,735",465933,7652,"479,326","5,741"
21-Dec-21,33847,745,"34,642",50,33154,363,"33,587",70,10229,186,"10,429",14,107045,964,"108,308",299,174403,5911,"181,023",709,428480,13059,"444,267","2,728",466140,7654,"479,481","5,687"
22-Dec-21,33851,746,"34,646",49,33158,363,"33,606",85,10229,186,"10,429",14,107075,964,"108,329",290,174475,5915,"181,053",663,428526,13060,"444,320","2,734",466280,7658,"479,664","5,726"
23-Dec-21,33855,746,"34,651",50,33160,363,"33,614",91,10229,186,"10,429",14,107124,964,"108,354",266,174543,5916,"181,088",629,428725,13061,"444,380","2,594",466468,7658,"479,890","5,764"
24-Dec-21,33859,746,"34,655",50,33165,363,"33,621",93,10238,186,"10,429",5,107148,964,"108,425",313,174613,5919,"181,167",635,428748,13062,"444,496","2,686",466530,7658,"480,288","6,100"
25-Dec-21,33863,746,"34,655",46,33167,363,"33,621",91,10238,186,"10,429",5,107169,966,"108,425",290,174635,5921,"181,167",611,428771,13062,"444,496","2,663",466569,7661,"480,288","6,058"
26-Dec-21,33865,746,"34,655",44,33168,363,"33,624",93,10238,186,"10,429",5,107190,966,"108,450",294,174678,5922,"181,204",604,428957,13063,"444,553","2,533",466762,7661,"480,524","6,101"
27-Dec-21,33868,746,"34,657",43,33172,363,"33,624",89,10239,186,"10,429",4,107190,966,"108,450",294,174730,5922,"181,235",583,428993,13064,"444,610","2,553",466783,7662,"480,710","6,265"
28-Dec-21,33872,746,"34,657",39,33175,363,"33,625",87,10239,186,"10,429",4,107232,966,"108,502",304,174770,5922,"181,247",555,429046,13066,"444,670","2,558",466870,7663,"480,901","6,368"
29-Dec-21,33875,746,"34,657",36,33177,363,"33,626",86,10241,186,"10,429",2,107267,967,"108,534",300,174818,5924,"181,285",543,429079,13066,"444,752","2,607",466939,7666,"481,096","6,491"
30-Dec-21,33879,746,"34,660",35,33180,363,"33,630",87,10241,186,"10,429",2,107307,967,"108,565",291,174852,5927,"181,334",555,429108,13066,"444,862","2,688",467364,7666,"481,381","6,351"
31-Dec-21,33884,746,"34,660",30,33183,364,"33,633",86,10241,186,"10,429",2,107347,967,"108,618",304,174874,5928,"181,370",568,429166,13066,"444,977","2,745",467642,7670,"481,689","6,377"
1-Jan-22,33887,746,"34,662",29,33202,364,"33,638",72,10241,186,"10,429",2,107376,967,"108,666",323,174897,5930,"181,402",575,429236,13070,"445,107","2,801",467977,7670,"482,029","6,382"
2-Jan-22,33891,746,"34,665",28,33233,364,"33,644",47,10241,186,"10,429",2,107406,967,"108,720",347,174923,5932,"181,430",575,429267,13073,"445,228","2,888",468063,7673,"482,411","6,675"
3-Jan-22,33893,746,"34,667",28,33234,364,"33,644",46,10241,186,"10,429",2,107444,967,"108,755",344,174954,5933,"181,469",582,429322,13074,"445,445","3,049",468080,7673,"482,826","7,073"
4-Jan-22,33899,746,"34,672",27,33243,365,"33,648",40,10242,186,"10,429",1,107477,967,"108,823",379,174972,5933,"181,498",593,429322,13075,"445,630","3,233",468200,7673,"483,165","7,292"
5-Jan-22,33903,746,"34,676",27,33249,365,"33,653",39,10242,186,"10,429",1,107508,967,"108,880",405,175009,5935,"181,537",593,429425,13076,"445,940","3,439",468264,7675,"483,648","7,709"
6-Jan-22,33907,746,"34,682",29,33251,366,"33,654",37,10242,186,"10,429",1,107528,967,"108,984",489,175036,5938,"181,573",599,423521,13076,"446,300","9,703",468362,7676,"484,226","8,188"
7-Jan-22,33911,746,"34,689",32,33255,366,"33,655",34,10242,186,"10,429",1,107558,967,"109,093",568,175062,5941,"181,614",611,429591,13077,"446,676","4,008",468467,7678,"484,985","8,840"
8-Jan-22,33916,747,"34,696",33,33255,366,"33,657",36,10243,186,"10,429",0,107600,967,"109,167",600,175088,5941,"181,673",644,429672,13077,"447,082","4,333",468558,7678,"485,782","9,546"
9-Jan-22,33918,747,"34,702",37,33256,367,"33,658",35,10243,186,"10,430",1,107631,967,"109,283",685,175171,5942,"181,715",602,429773,13079,"447,530","4,678",468665,7681,"486,740","10,394"
10-Jan-22,33920,748,"34,704",36,33257,367,"33,659",35,10243,186,"10,432",3,107669,967,"109,396",760,175208,5943,"181,757",606,429864,13080,"448,091","5,147",468826,7681,"487,668","11,161"
12-Jan-22,33926,748,"34,715",41,33263,367,"33,664",34,10243,186,"10,433",4,107741,967,"109,660",952,175306,5945,"181,842",591,430012,13083,"448,924","5,829",469208,7691,"490,010","13,111"
13-Jan-22,33929,749,"34,719",41,33264,367,"33,675",44,10243,186,"10,437",8,107791,967,"109,944","1,186",175335,5948,"181,906",623,430130,13084,"449,843","6,629",469353,7691,"491,743","14,699"
14-Jan-22,33933,749,"34,726",44,33266,367,"33,682",49,10243,186,"10,437",8,107844,967,"110,243","1,432",175357,5952,"181,996",687,430258,13085,"450,686","7,343",469506,7693,"494,064","16,865"
15-Jan-22,33937,749,"34,739",53,33272,367,"33,684",45,10243,186,"10,439",10,107903,968,"110,597","1,726",175372,5953,"182,100",775,430433,13087,"451,408","7,888",471845,7693,"497,153","17,615"
16-Jan-22,33942,749,"34,750",59,33274,367,"33,699",58,10243,187,"10,445",15,107969,969,"110,963","2,025",175412,5958,"182,199",829,430738,13088,"452,261","8,435",472006,7694,"499,830","20,130"
17-Jan-22,33945,749,"34,758",64,33277,367,"33,705",61,10243,187,"10,445",15,108031,969,"111,376","2,376",175432,5596,"182,311","1,283",430433,13090,"453,392","9,869",472125,7697,"502,500","22,678"
18-Jan-22,33950,749,"34,770",71,33284,367,"33,729",78,10243,187,"10,446",16,108106,969,"111,855","2,780",175457,5963,"182,419",999,431044,13091,"454,372","10,237",472527,7703,"505,930","25,700"
19-Jan-22,33955,749,"34,811",107,33286,367,"33,744",91,10243,187,"10,455",25,108184,969,"112,557","3,404",175497,5965,"182,619","1,157",431335,13091,"455,499","11,073",472739,7739,"509,308","28,830"
20-Jan-22,33961,749,"34,884",174,33286,367,"33,780",127,10243,187,"10,461",31,108253,969,"113,688","4,466",175557,5967,"182,950","1,426",431357,13093,"456,992","12,542",473008,7710,"513,046","32,328"
21-Jan-22,33966,749,"34,997",282,33287,367,"33,812",158,10243,187,"10,467",37,108372,971,"115,047","5,704",175602,5968,"183,403","1,833",431669,13096,"458,879","14,114",473340,7727,"516,874","35,807"
22-Jan-22,33973,749,"35,130",408,33289,367,"33,855",199,10243,187,"10,480",50,108252,975,"115,939","6,712",175645,5969,"183,865","2,251",431796,13100,"460,335","15,439",474127,7730,"520,415","38,558"
23-Jan-22,33983,750,"35,218",485,33290,367,"33,910",253,10246,187,"10,489",56,108709,976,"117,436","7,751",175695,5974,"184,455","2,786",431967,13105,"462,323","17,251",474355,7738,"523,774","41,681"
24-Jan-22,33993,751,"35,400",656,33293,367,"33,941",281,10251,187,"10,497",59,108884,976,"118,292","8,432",175765,5975,"185,340","3,600",432063,13108,"464,431","19,260",474829,7741,"526,899","44,329"
25-Jan-22,34003,752,"35,474",719,33302,367,"33,975",306,10251,187,"10,510",72,109102,976,"120,128","10,050",175859,5977,"185,683","3,847",432031,13117,"466,164","21,016",475086,7746,"529,218","46,386"
26-Jan-22,34019,752,"35,734",963,33308,367,"34,032",357,10251,187,"10,526",88,109409,979,"120,813","10,425",176043,5980,"186,537","4,514",432181,13119,"467,698","22,398",475876,7753,"531,008","47,379"
27-Jan-22,34048,752,"36,082","1,282",33315,367,"34,131",449,10251,187,"10,557",119,109760,979,"122,098","11,359",176121,5986,"187,983","5,876",432903,13126,"469,540","23,511",476473,7765,"533,496","49,258"
28-Jan-22,34080,752,"36,465","1,633",33328,367,"34,187",492,10251,188,"10,580",141,110180,979,"123,648","12,489",176264,5989,"189,300","7,047",433596,13132,"471,925","25,197",476958,7785,"535,965","51,222"
29-Jan-22,34125,752,"36,967","2,090",33344,367,"34,277",566,10255,188,"10,604",161,110524,979,"125,203","13,700",176352,5994,"190,578","8,232",434370,13139,"474,208","26,699",477749,7800,"538,196","52,647"
30-Jan-22,34639,755,"37,572","2,178",33540,367,"34,342",435,10268,188,"10,642",186,111028,979,"126,473","14,466",176559,5996,"192,519","9,964",436040,13151,"476,420","27,229",486664,7812,"540,023","45,547"
31-Jan-22,34708,755,"38,115","2,652",33587,367,"34,390",436,10296,188,"10,651",167,111503,980,"127,497","15,014",177451,5998,"194,166","10,717",436622,13160,"478,527","28,745",487558,7821,"541,693","46,314"
1-Feb-22,34953,758,"38,339","2,628",33594,368,"34,417",455,10300,188,"10,703",215,112306,980,"128,429","15,143",177871,6002,"194,887","11,014",438534,13176,"480,421","28,711",487832,7829,"543,170","47,509"
2-Feb-22,35191,758,"38,805","2,856",33647,368,"34,501",486,10315,188,"10,737",234,113070,982,"129,004","14,952",178667,6009,"196,328","11,652",445178,13185,"482,316","23,953",488912,7840,"544,722","47,970"
4-Feb-22,35960,761,"39,894","3,173",33835,368,"34,634",431,10356,189,"10,837",292,115287,983,"130,373","14,103",180171,6031,"199,195","12,993",451506,13219,"485,810","21,085",490270,7869,"547,920","49,781"
5-Feb-22,36529,761,"40,355","3,065",33912,368,"34,711",431,10357,189,"10,873",327,116506,985,"130,872","13,381",181123,6037,"200,710","13,550",455984,13230,"487,407","18,193",499321,7878,"549,872","42,673"
6-Feb-22,36910,761,"40,568","2,897",33959,368,"34,785",458,10369,189,"10,891",333,117681,986,"131,337","12,670",182379,6041,"202,190","13,770",458328,13242,488603,"17,033",499872,7891,"551,399","43,636"
7-Feb-22,37185,761,"40,741","2,795",34014,368,"34,819",437,10385,189,"10,896",322,118747,988,"131,628","11,893",183369,6053,"203,110","13,688",460250,13252,"489,655","16,153",500453,7905,"552,262","43,904"
8-Feb-22,37449,764,"40,826","2,613",34038,372,"34,853",443,10457,189,"10,945",299,119870,990,"131,987","11,127",184217,6065,"204,084","13,802",462097,13267,"490,103","14,739",501061,7906,"553,112","44,145"
9-Feb-22,38027,764,"41,068","2,277",34117,370,"34,910",423,10469,189,"10,987",329,120974,990,"132,161","10,197",185287,6076,"205,505","14,142",463700,13285,"491,518","14,533",501724,7927,"554,012","44,361"
10-Feb-22,38625,765,"41,342","1,952",34165,370,"34,957",422,10500,189,"11,018",329,122005,990,"132,400","9,405",186620,6082,"206,879","14,177",465529,13298,"492,489","13,662",502313,7954,"554,990","44,723"
11-Feb-22,39085,766,"41,584","1,733",34241,370,"34,986",375,10508,189,"11,074",377,122986,995,"132,711","8,730",188466,6087,"207,820","13,267",467286,13322,"493,478","12,870",502946,7958,"555,920","45,016"
12-Feb-22,39422,766,"41,740","1,552",34324,371,"35,017",322,10537,189,"11,116",390,124231,996,"132,892","7,665",189315,6103,"208,817","13,399",468984,13335,"494,238","11,919",503880,7971,"556,772","44,921"
13-Feb-22,39625,768,"41,862","1,469",34412,371,"35,056",273,10541,189,"11,183",453,125421,998,"133,037","6,618",190453,6113,"209,758","13,192",470522,13355,"494,971","11,094",504654,7978,"557,931","45,299"
14-Feb-22,39785,769,"41,978","1,424",34428,371,"35,096",297,10550,189,"11,193",454,126602,999,"133,112","5,511",191330,6130,"210,726","13,266",472055,13363,"495,430","10,012",505171,7980,"558,826","45,675"
15-Feb-22,40008,771,"42,042","1,263",34462,371,"35,111",278,10581,189,"11,246",476,127644,999,"133,277","4,634",192213,6133,"211,112","12,766",472968,13380,"496,134","9,786",505849,7985,"560,036","46,202"
16-Feb-22,40204,773,"42,180","1,203",34515,371,"35,133",247,10581,189,"11,250",480,129036,1001,"133,388","3,351",193585,6153,"212,078","12,340",473896,13390,"496,724","9,438",506700,8000,"560,670","45,970"
17-Feb-22,40396,776,"42,316","1,144",34570,371,"35,163",222,10634,189,"11,274",451,130244,1002,"133,529","2,283",194978,6167,"213,021","11,876",475038,13403,"497,307","8,866",507349,8009,"561,683","46,325"
18-Feb-22,40565,780,"42,429","1,084",34582,371,"35,187",234,10733,189,"11,285",363,130946,1002,"133,613","1,665",195771,6177,"213,762","11,814",476062,13418,"497,820","8,340",507559,8013,"562,597","47,025"
19-Feb-22,40685,780,"42,535","1,070",34619,373,"35,206",214,10848,189,"11,320",283,131405,1002,"133,702","1,295",196425,6182,"214,277","11,670",476812,13430,"498,322","8,080",508205,8020,"563,314","47,089"
20-Feb-22,40813,781,"42,599","1,005",34672,373,"35,229",184,10848,189,"11,339",302,131617,1002,"133,764","1,145",197698,6194,"214,698","10,806",478342,13441,"498,724","6,941",508663,8029,"563,967","47,275"
21-Feb-22,40917,783,"42,669",969,34692,373,"35,274",209,10855,189,"11,358",314,131833,1004,"133,839","1,002",198416,2607,"214,955","13,932",478376,13454,"499,063","7,233",508879,8030,"564,522","47,613"
22-Feb-22,41084,784,"42,684",816,34726,374,"35,284",184,10906,189,"11,390",295,132050,1005,"133,936",881,198777,6210,"215,087","10,100",479528,13461,"499,365","6,376",509290,8030,"564,895","47,575"
23-Feb-22,41206,784,"42,754",764,34725,374,"35,294",195,10984,189,"11,413",240,132274,1007,"133,988",707,199535,6226,"215,337","9,576",480181,13471,"499,768","6,116",510588,8045,"565,319","46,686"
24-Feb-22,41352,786,"42,825",687,34760,374,"35,309",175,11051,189,"11,432",192,132444,1009,"134,107",654,200211,6228,"215,588","9,149",480941,13480,"500,092","5,671",511670,8048,"565,975","46,257"
25-Feb-22,41591,787,"42,909",531,34858,375,"35,322",89,11097,190,"11,461",174,132624,1009,"134,240",607,201774,6237,"215,936","7,925",482082,13493,"500,789","5,214",536266,8062,"567,000","22,672"
26-Feb-22,41519,787,"42,909",603,34858,375,"35,322",89,11097,190,"11,461",174,132624,1009,"134,240",607,201774,6237,"215,936","7,925",482082,13493,"500,789","5,214",536266,8062,"567,000","22,672"
27-Feb-22,41697,787,"42,946",462,34864,375,"35,325",86,11015,190,"11,473",268,132683,1011,"134,292",598,202295,6246,"216,051","7,510",482309,13497,"501,108","5,302",536575,8067,"567,309","22,667"
28-Feb-22,41762,787,"42,968",419,34877,375,"35,326",74,11105,190,"11,480",185,132742,1013,"134,336",581,202636,6248,"216,119","7,235",483144,13498,"501,370","4,728",537018,8067,"567,761","22,676"
1-Mar-22,41830,788,"42,978",360,34906,375,"35,345",64,11165,190,"11,499",144,132814,1013,"134,404",577,202843,6260,"216,174","7,071",482309,13500,"501,544","5,735",537071,8070,"568,277","23,136"
2-Mar-22,41881,788,"43,014",345,34911,375,"35,352",66,11165,190,"11,512",157,132867,1014,"134,442",561,203744,6274,"216,273","6,255",483156,13504,"501,758","5,098",537521,8073,"568,635","23,041"
3-Mar-22,41938,788,"43,044",318,34923,376,"35,357",58,11210,191,"11,531",130,132948,1014,"134,496",534,206179,6280,"216,386","3,927",483730,13508,"502,012","4,774",538132,8080,"568,928","22,716"
4-Mar-22,41989,788,"43,068",291,34931,376,"35,361",54,11219,191,"11,543",133,133008,1014,"134,519",497,206971,6283,"216,614","3,360",484722,13513,"502,264","4,029",538825,8083,"569,338","22,430"
5-Mar-22,42034,788,"43,094",272,34936,376,"35,363",51,11223,191,"11,559",145,133025,1016,"134,583",542,208201,6286,"216,812","2,325",485103,13518,"502,455","3,834",538974,8083,"569,637","22,580"
6-Mar-22,42059,788,"43,106",259,34942,376,"35,380",62,11223,191,"11,570",156,133105,1017,"134,620",498,208390,6288,"216,983","2,305",485457,13520,"502,621","3,644",539206,8085,"569,978","22,687"
7-Mar-22,42075,788,"43,114",251,34943,376,"35,388",69,11223,191,"11,577",163,133162,1018,"134,643",463,208510,6288,"217,187","2,389",485762,13526,"502,844","3,556",539487,8085,"570,261","22,689"
8-Mar-22,42112,788,"43,125",225,34961,377,"35,398",60,11223,191,"11,582",168,133262,1019,"134,662",381,208621,6291,"217,304","2,392",485989,13530,"502,968","3,449",539597,8085,"570,353","22,671"
9-Mar-22,42142,789,"43,140",209,34966,377,"35,399",56,11235,191,"11,592",166,133322,1019,"134,700",359,208892,6291,"217,503","2,320",486196,13535,"503,128","3,397",551775,8085,"570,688","10,828"
10-Mar-22,42177,790,"43,149",182,34972,377,"35,403",54,11240,191,"11,598",167,133357,1019,"134,736",360,209033,6294,"217,690","2,363",486428,13535,"503,279","3,316",551242,8085,"570,934","11,607"
11-Mar-22,42213,790,"43,159",156,34974,377,"35,427",76,11248,191,"11,608",169,133392,1019,"134,767",356,209484,6297,"217,857","2,076",486705,13535,"503,426","3,186",551389,8089,"571,268","11,790"
12-Mar-22,42243,790,"43,163",130,34980,377,"35,429",72,11248,191,"11,620",181,133430,1020,"134,797",347,209541,6299,"217,936","2,096",486940,13536,"503,590","3,114",551548,8091,"571,548","11,909"
13-Mar-22,42264,790,"43,167",113,34992,377,"35,437",68,11306,191,"11,631",134,133466,1020,"134,818",332,209715,6300,"218,070","2,055",486922,13538,"503,715","3,255",551759,8091,"571,854","12,004"
14-Mar-22,42286,790,"43,177",101,35004,377,"35,438",57,11306,191,"11,636",139,133500,1021,"134,837",316,209788,6301,"218,180","2,091",487142,13538,"503,844","3,164",551796,8091,"572,042","12,155"
15-Mar-22,42305,790,"43,181",86,35010,378,"35,442",54,11358,191,"11,641",92,133532,1021,"134,859",306,209883,6302,"218,268","2,083",487278,13540,"503,939","3,121",551922,8091,"572,297","12,284"
16-Mar-22,42333,790,"43,190",67,35027,378,"35,447",42,11362,191,"11,648",95,133563,1021,"134,878",294,210392,6306,"218,357","1,659",487416,13540,"504,045","3,089",552198,8091,"572,555","12,266"
17-Mar-22,42348,790,"43,200",62,35036,378,"35,453",39,11362,191,"11,651",98,133593,1022,"134,887",272,210522,6306,"218,433","1,605",487599,13541,"504,142","3,002",552368,8091,"572,868","12,409"
18-Mar-22,42363,792,"43,206",51,35045,378,"35,454",31,11388,191,"11,657",78,133624,1022,"134,910",264,211058,6307,"218,503","1,138",487770,13545,"504,219","2,904",552377,8091,"573,081","12,613"
19-Mar-22,42374,792,"43,209",43,35050,378,"35,458",30,11388,191,"11,662",83,133658,1022,"134,930",250,211267,6307,"218,583","1,009",487959,13547,"504,324","2,818",553777,8091,"573,347","11,479"
20-Mar-22,42384,792,"43,214",38,35055,378,"35,458",25,11403,191,"11,664",70,133692,1022,"134,951",237,211311,6307,"218,629","1,011",488114,13548,"504,393","2,731",553800,8091,"573,579","11,688"
21-Mar-22,42390,792,"43,220",38,35059,378,"35,458",21,11428,191,"11,666",47,133723,1022,"134,963",218,211411,6307,"218,689",971,488264,13550,"504,442","2,628",553845,8091,"573,753","11,817"
22-Mar-22,42396,792,"43,222",34,35060,378,"35,459",21,11441,191,"11,672",40,133746,1022,"134,973",205,211461,6307,"218,736",968,488793,13551,"504,507","2,163",553899,8092,"573,850","11,859"
24-Mar-22,42412,792,"43,237",33,35070,378,"35,460",12,11446,191,"11,675",38,133799,1022,"135,003",182,211691,6307,"218,819",821,490102,13551,"504,639",986,560156,8092,"574,239","5,991"
25-Mar-22,42419,792,"43,238",27,35074,378,"35,467",15,11453,191,"11,688",44,133819,1022,"135,006",165,211718,6309,"218,838",811,490078,13551,"504,697","1,068",560157,8093,"574,467","6,217"
26-Mar-22,42423,792,"43,239",24,35077,378,"35,468",13,11453,191,"11,693",49,133839,1022,"135,016",155,211917,6312,"218,860",631,490216,13551,"504,765",998,560160,8094,"574,549","6,295"
27-Mar-22,42426,792,"43,244",26,35079,378,"35,469",12,11453,191,"11,695",51,133861,1023,"135,023",139,211997,6315,"218,898",586,490324,13551,"504,841",966,560176,8095,"574,730","6,459"
28-Mar-22,42429,792,"43,249",28,35080,378,"35,469",11,11453,191,"11,696",52,133883,1023,"135,038",132,212003,6315,"218,937",619,490401,13552,"504,894",941,560177,8098,"574,803","6,528"
29-Mar-22,42432,792,"43,254",30,35080,378,"35,471",13,11456,191,"11,699",52,133893,1023,"135,048",132,212016,6315,"218,968",637,490419,13553,"504,926",954,560117,8095,"574,989","6,777"
30-Mar-22,42440,792,"43,261",29,35085,378,"35,471",8,11456,191,"11,700",53,133907,1023,"135,058",128,212078,6316,"218,988",594,490429,13554,"504,962",979,560214,8095,"575,109","6,800"
31-Mar-22,42444,792,"43,261",25,35088,378,"35,472",6,11481,191,"11,702",30,133920,1023,"135,072",129,212115,6319,"219,026",592,490436,13556,"505,003","1,011",560251,8096,"575,257","6,910"
1-Apr-22,42448,792,"43,269",29,35088,378,"35,474",8,11481,191,"11,708",36,133932,1023,"135,075",120,212127,6321,"219,062",614,490456,13557,"505,054","1,041",560392,8097,"575,331","6,842"
2-Apr-22,42453,792,"43,274",29,35089,378,"35,475",8,11481,191,"11,708",36,133942,1023,"135,083",118,212152,6322,"219,081",607,490462,13557,"505,087","1,068",560417,8097,"575,473","6,959"
3-Apr-22,42456,792,"43,276",28,35089,378,"35,476",9,11481,191,"11,710",38,133952,1023,"135,088",113,212195,6322,"219,106",589,490493,13558,"505,127","1,076",560447,8097,575683,"7,139"
4-Apr-22,42458,792,"43,277",27,35090,378,"35,476",8,11481,191,"11,714",42,133961,1023,"135,093",109,212420,6322,"219,131",389,490514,13558,"505,148","1,076",560447,8097,"575,781","7,237"
5-Apr-22,42462,792,"43,280",26,35092,378,"35,478",8,11492,191,"11,714",31,133973,1023,"135,099",103,212251,6322,"219,146",573,490535,13558,"505,186","1,093",560447,8097,"575,872","7,328"
6-Apr-22,42466,792,"43,281",23,35093,378,"35,478",7,11496,191,"11,715",28,133984,1023,"135,103",96,212343,6322,"219,173",508,490545,13588,"505,224","1,091",560537,8097,"575,949","7,315"
7-Apr-22,42470,792,"43,283",21,35093,378,"35,479",8,11496,191,"11,716",29,133994,1023,"135,110",93,212388,6322,"219,201",491,490556,13558,"505,267","1,153",560537,8097,"576,037","7,403"
11-Apr-22,42484,792,"43,301",25,35098,378,"35,480",4,11498,191,"11,719",30,134029,1023,"135,127",75,212478,6322,"219,273",473,490677,13558,"505,412","1,177",560615,8097,"576,354","7,642"
12-Apr-22,42487,792,"43,301",22,35099,378,"35,480",3,11501,191,"11,720",28,134036,1032,"135,130",62,212491,6322,"219,282",469,490683,13559,"505,435","1,193",560663,8097,"576,380","7,620"
13-Apr-22,42493,792,"43,301",16,35101,378,"35,480",1,11504,191,"11,720",25,134042,1023,"135,139",74,212522,6322,"219,296",452,490684,13559,"505,486","1,243",560730,8097,"576,407","7,580"
14-Apr-22,42493,792,"43,303",18,35101,378,"35,481",2,11504,191,"11,722",27,134046,1023,"135,141",72,212541,6322,"219,308",445,490720,13559,"505,528","1,249",560739,8097,"576,469","7,633"
15-Apr-22,42497,792,"43,304",15,35102,378,"35,481",1,11504,191,"11,723",28,134050,1023,"135,148",75,212583,6322,"219,333",428,490758,13559,"505,586","1,269",563321,8098,"576,500","5,081"
17-Apr-22,42501,792,"43,306",13,35102,378,"35,483",3,11525,191,"11,729",13,134058,1023,"135,150",69,212639,6322,"219,371",410,490860,13559,"505,660","1,241",566921,8098,"576,549","1,530"
18-Apr-22,42503,792,"43,306",11,35102,378,"35,483",3,11525,191,"11,735",19,134062,1023,"135,157",72,212645,6323,"219,385",417,490904,13559,"505,690","1,227",566921,8098,"576,570","1,551"
19-Apr-22,42505,792,"43,306",9,35102,378,"35,483",3,11525,191,"11,736",20,134065,1023,"135,159",71,212649,6323,"219,389",417,490934,13559,"505,720","1,227",566927,8098,"576,618","1,593"
20-Apr-22,42506,792,"43,306",8,35102,378,"35,483",3,11528,191,"11,736",17,134069,1023,"135,165",73,212687,6323,"219,397",387,490970,13560,"505,757","1,227",566934,8101,"576,642","1,607"
21-Apr-22,42507,792,"43,306",7,35103,378,"35,483",2,11528,191,"11,737",18,134073,1023,"135,165",69,212699,6323,"219,411",389,491022,13560,"505,810","1,228",566938,8101,"576,677","1,638"
22-Apr-22,42507,792,"43,308",9,35104,378,"35,483",1,11529,191,"11,737",17,134077,1023,"135,168",68,212707,6323,"219,422",392,491068,13560,"505,857","1,229",566941,8101,"576,694","1,652"
25-Apr-22,42510,792,"43,310",8,35105,378,"35,484",1,11532,191,"11,737",14,134089,1023,"135,178",66,212756,6324,"219,460",380,491193,13560,"506,018","1,265",566956,8101,"576,769","1,712"
26-Apr-22,42512,792,"43,310",6,35105,378,"35,484",1,11532,191,"11,738",15,134091,1023,"135,180",66,212758,6324,"219,466",384,491234,13560,"506,068","1,274",566971,8101,"576,815","1,743"
28-Apr-22,42513,792,"43,310",5,35105,378,"35,485",2,11532,191,"11,739",16,134095,1023,"135,193",75,212790,6324,"219,497",383,491317,13561,"506,168","1,290",567081,8102,"576,880","1,697"
29-Apr-22,42513,792,"43,310",5,35106,378,"35,486",2,11534,191,"11,740",15,134102,1023,"135,196",71,212814,6324,"219,509",371,491423,13561,"506,211","1,227",567088,8102,"576,895","1,705"
30-Apr-22,42513,792,"43,310",5,35106,378,"35,486",2,11534,191,"11,740",15,134102,1023,"135,201",76,212814,6324,"219,516",378,491423,13561,"506,249","1,265",567088,8102,"576,909","1,719"
2-May-22,42514,792,"43,311",5,35106,378,"35,486",2,11534,191,"11,740",15,134109,1023,"135,213",81,212828,6324,"219,525",373,491511,13652,"506,305","1,142",567104,8102,"576,937","1,731"
3-May-22,42514,792,"43,313",7,35106,378,"35,486",2,11534,191,"11,741",16,134113,1023,"135,216",80,212850,6324,"219,528",354,491539,13562,"506,339","1,238",567104,8102,"576,941","1,735"
4-May-22,42514,792,"43,313",7,35108,378,"35,486",0,11534,191,"11,741",16,134113,1023,"135,217",81,212864,6324,"219,528",340,491573,13562,"506,365","1,230",567114,8102,"576,953","1,737"
5-May-22,42514,792,"43,313",7,35108,378,"35,486",0,11534,191,"11,741",16,134117,1023,"135,218",78,212864,6324,"219,532",344,491610,13562,"506,377","1,205",567114,8102,"576,957","1,741"
6-May-22,42514,792,"43,313",7,35108,378,"35,486",0,11534,191,"11,743",18,134117,1023,"135,218",78,212865,6324,"219,532",343,491662,13562,"506,399","1,175",567114,8102,"576,962","1,746"
7-May-22,42515,792,"43,313",6,35108,378,"35,486",0,11534,191,"11,745",20,134129,1023,"135,229",77,212871,6324,"219,533",338,491690,13562,"506,417","1,165",567123,8102,"576,969","1,744"
8-May-22,42516,792,"43,314",6,35108,378,"35,486",0,11546,191,"11,745",8,134133,1024,"135,235",78,212878,6324,"219,536",334,491735,13562,"506,447","1,150",567210,8104,"576,975","1,661"
9-May-22,42516,792,"43,314",6,35108,378,"35,486",0,11546,191,"11,745",8,134136,1024,"135,238",78,212882,6324,"219,554",348,491767,13562,"506,481","1,152",567236,8104,"576,984","1,644"
12-May-22,42519,792,"43,314",3,35108,378,"35,486",0,11550,191,"11,745",4,134147,1024,"135,268",97,212919,6324,"219,568",325,491870,13562,"506,595","1,163",567286,8105,"577,013","1,622"
13-May-22,42519,792,"43,315",4,35108,378,"35,487",1,11550,191,"11,745",4,134151,1024,"135,275",100,212924,6324,"219,582",334,491902,13562,"506,640","1,176",567286,8105,"577,038","1,647"
14-May-22,42519,792,"43,317",6,35108,378,"35,487",1,11550,191,"11,745",4,134155,1024,"135,281",102,212929,6324,"219,591",338,491927,13562,"506,679","1,190",567286,8105,"577,067","1,676"
15-May-22,42519,792,"43,317",6,35108,378,"35,487",1,11550,191,"11,745",4,134159,1024,"135,288",105,213954,6324,"219,595",-683,491954,13562,"506,718","1,202",567293,8105,"577,101","1,703"
16-May-22,42519,792,"43,320",9,35108,378,"35,491",5,11550,191,"11,745",4,134163,1024,"135,293",106,213092,6324,"219,597",181,491983,13562,"506,783","1,238",567299,8105,"577,124","1,720"
17-May-22,42521,792,"43,320",7,35108,378,"35,492",6,11550,191,"11,747",6,134169,1024,"135,301",108,213093,6324,"219,599",182,492015,13563,"506,804","1,226",567334,8106,"577,142","1,702"
